chapter_num,chapter_name,chapter_fa,path,name,level,last_year,last_value,first_year,first_value,n_points
1,Economic and Social Indicators,شاخص‌های اقتصادی و اجتماعی,GDP (Rs billion),GDP (Rs billion),0,2024-25,114039,2007-08,12647,18
1,Economic and Social Indicators,شاخص‌های اقتصادی و اجتماعی,GDP (US $ billion),GDP (US $ billion),0,2024-25,408.2,2007-08,202.2,18
1,Economic and Social Indicators,شاخص‌های اقتصادی و اجتماعی,GDP Growth Rate (%),GDP Growth Rate (%),0,2024-25,3.1,1980-81,6.4,45
1,Economic and Social Indicators,شاخص‌های اقتصادی و اجتماعی,GDP Growth Rate (%) > Agriculture Growth Rate (%),Agriculture Growth Rate (%),1,2024-25,1.5,1980-81,3.7,45
1,Economic and Social Indicators,شاخص‌های اقتصادی و اجتماعی,GDP Growth Rate (%) > Manufacturing Growth Rate (%),Manufacturing Growth Rate (%),1,2024-25,2,1980-81,10.6,45
1,Economic and Social Indicators,شاخص‌های اقتصادی و اجتماعی,GDP Growth Rate (%) > Commodity Producing Sector Growth Rate (%),Commodity Producing Sector Growth Rate (%),1,2024-25,3.1,1980-81,6.3,45
1,Economic and Social Indicators,شاخص‌های اقتصادی و اجتماعی,GDP Growth Rate (%) > Services Sector Growth Rate (%),Services Sector Growth Rate (%),1,2024-25,3.1,1980-81,6.6,45
1,Economic and Social Indicators,شاخص‌های اقتصادی و اجتماعی,Total Investment Growth Rates (at current mp) %,Total Investment Growth Rates (at current mp) %,0,2024-25,18.3,1980-81,9.8,45
1,Economic and Social Indicators,شاخص‌های اقتصادی و اجتماعی,"Total Investment Growth Rates (at current mp) % > Fixed Investment Growth Rates (%, at current mp)","Fixed Investment Growth Rates (%, at current mp)",1,2024-25,19.8,1980-81,4.8,45
1,Economic and Social Indicators,شاخص‌های اقتصادی و اجتماعی,"Total Investment Growth Rates (at current mp) % > Public Investment Growth Rates (%, at current mp)","Public Investment Growth Rates (%, at current mp)",1,2024-25,44.3,1980-81,-1.2,45
1,Economic and Social Indicators,شاخص‌های اقتصادی و اجتماعی,"Total Investment Growth Rates (at current mp) % > Private Investment Growth Rates (including general govt., %, at current mp)","Private Investment Growth Rates (including general govt., %, at current mp)",1,2024-25,13.2,1980-81,13.1,45
1,Economic and Social Indicators,شاخص‌های اقتصادی و اجتماعی,Total Investment Growth Rates (at current mp) % > National Savings (as % of Total Investment),National Savings (as % of Total Investment),1,2024-25,103.3,1980-81,80.6,45
1,Economic and Social Indicators,شاخص‌های اقتصادی و اجتماعی,Total Investment Growth Rates (at current mp) % > Foreign Savings (as % of Total Investment),Foreign Savings (as % of Total Investment),1,2024-25,-3.1,1980-81,19.4,45
1,Economic and Social Indicators,شاخص‌های اقتصادی و اجتماعی,Total Investment Growth Rates (at current mp) % > Total Investment (as % of GDP current mp),Total Investment (as % of GDP current mp),1,2024-25,14.3,1980-81,18.8,45
1,Economic and Social Indicators,شاخص‌های اقتصادی و اجتماعی,"Total Investment Growth Rates (at current mp) % > Total Investment, Fixed (as % of GDP current mp)","Total Investment, Fixed (as % of GDP current mp)",1,2024-25,12.7,1980-81,17.2,45
1,Economic and Social Indicators,شاخص‌های اقتصادی و اجتماعی,"Total Investment Growth Rates (at current mp) % > Total Investment, Public (as % of GDP current mp)","Total Investment, Public (as % of GDP current mp)",1,2024-25,3.3,1980-81,9.4,45
1,Economic and Social Indicators,شاخص‌های اقتصادی و اجتماعی,"Total Investment Growth Rates (at current mp) % > Total Investment, Private (as % of GDP current mp)","Total Investment, Private (as % of GDP current mp)",1,2024-25,9.5,1980-81,7.8,45
1,Economic and Social Indicators,شاخص‌های اقتصادی و اجتماعی,Total Investment Growth Rates (at current mp) % > National Savings (as % of GDP current mp),National Savings (as % of GDP current mp),1,2024-25,14.9,1980-81,15.1,45
1,Economic and Social Indicators,شاخص‌های اقتصادی و اجتماعی,Total Investment Growth Rates (at current mp) % > Foreign Savings (as % of GDP current mp),Foreign Savings (as % of GDP current mp),1,2024-25,-0.5,1980-81,3.6,45
1,Economic and Social Indicators,شاخص‌های اقتصادی و اجتماعی,Total Investment Growth Rates (at current mp) % > Domestic Savings (as % of GDP current mp),Domestic Savings (as % of GDP current mp),1,2024-25,7.9,1980-81,7,36
1,Economic and Social Indicators,شاخص‌های اقتصادی و اجتماعی,Total Investment Growth Rates (at current mp) % > Per Capita Income (mp-US $),Per Capita Income (mp-US $),1,2024-25,1751,2005-06,897.4,20
1,Economic and Social Indicators,شاخص‌های اقتصادی و اجتماعی,GDP Deflator (growth %),GDP Deflator (growth %),0,2024-25,4.2,1980-81,10.4,36
1,Economic and Social Indicators,شاخص‌های اقتصادی و اجتماعی,Consumer Price Index (CPI) (growth %),Consumer Price Index (CPI) (growth %),0,2024-25,4.5,1980-81,13.9,45
1,Economic and Social Indicators,شاخص‌های اقتصادی و اجتماعی,Total Revenue (as % of GDP mp),Total Revenue (as % of GDP mp),0,2024-25,15.8,1980-81,16.9,45
1,Economic and Social Indicators,شاخص‌های اقتصادی و اجتماعی,Total Revenue (as % of GDP mp) > Tax Revenue (as % of GDP mp),Tax Revenue (as % of GDP mp),1,2024-25,11.2,1980-81,14,45
1,Economic and Social Indicators,شاخص‌های اقتصادی و اجتماعی,Total Revenue (as % of GDP mp) > Non-Tax Revenue (as % of GDP mp),Non-Tax Revenue (as % of GDP mp),1,2024-25,4.6,1980-81,2.9,45
1,Economic and Social Indicators,شاخص‌های اقتصادی و اجتماعی,Total Expenditure (as % of GDP mp),Total Expenditure (as % of GDP mp),0,2024-25,21.2,1980-81,22.9,45
1,Economic and Social Indicators,شاخص‌های اقتصادی و اجتماعی,Total Expenditure (as % of GDP mp) > Current Expenditure (as % of GDP mp),Current Expenditure (as % of GDP mp),1,2024-25,18.9,1980-81,13.6,45
1,Economic and Social Indicators,شاخص‌های اقتصادی و اجتماعی,"Total Expenditure (as % of GDP mp) > Current Expenditure, Defence (as % of GDP mp)","Current Expenditure, Defence (as % of GDP mp)",1,2024-25,1.9,1980-81,5.5,45
1,Economic and Social Indicators,شاخص‌های اقتصادی و اجتماعی,"Total Expenditure (as % of GDP mp) > Current Expenditure, Markup Payments (as % of GDP mp)","Current Expenditure, Markup Payments (as % of GDP mp)",1,2024-25,7.8,1980-81,2.1,45
1,Economic and Social Indicators,شاخص‌های اقتصادی و اجتماعی,"Total Expenditure (as % of GDP mp) > Current Expenditure, Others (as % of GDP mp)","Current Expenditure, Others (as % of GDP mp)",1,2024-25,9.2,1980-81,1,45
1,Economic and Social Indicators,شاخص‌های اقتصادی و اجتماعی,Development Expenditure (as % of GDP current mp),Development Expenditure (as % of GDP current mp),0,2024-25,2.6,1980-81,9.3,45
1,Economic and Social Indicators,شاخص‌های اقتصادی و اجتماعی,Overall Deficit (as % of GDP current mp),Overall Deficit (as % of GDP current mp),0,2024-25,5.4,1980-81,5.3,45
1,Economic and Social Indicators,شاخص‌های اقتصادی و اجتماعی,Money and Credit (growth %),Money and Credit (growth %),0,,,,,0
1,Economic and Social Indicators,شاخص‌های اقتصادی و اجتماعی,Money and Credit (growth %) > Monetary Assets (M2) (growth %),Monetary Assets (M2) (growth %),1,2024-25,12.9,1980-81,13.2,45
1,Economic and Social Indicators,شاخص‌های اقتصادی و اجتماعی,Money and Credit (growth %) > Domestic Assets (growth %),Domestic Assets (growth %),1,2024-25,8.2,1980-81,16.5,45
1,Economic and Social Indicators,شاخص‌های اقتصادی و اجتماعی,Stock Exchange (growth %),Stock Exchange (growth %),0,,,,,0
1,Economic and Social Indicators,شاخص‌های اقتصادی و اجتماعی,Stock Exchange (growth %) > KSE 100 Index (growth %),KSE 100 Index (growth %),1,2024-25,60.1,1980-81,-1,45
1,Economic and Social Indicators,شاخص‌های اقتصادی و اجتماعی,Stock Exchange (growth %) > Aggregate Market Capitalization (growth %),Aggregate Market Capitalization (growth %),1,2024-25,46.9,1980-81,-1.9,45
1,Economic and Social Indicators,شاخص‌های اقتصادی و اجتماعی,Trade and Payments (growth %),Trade and Payments (growth %),0,,,,,0
1,Economic and Social Indicators,شاخص‌های اقتصادی و اجتماعی,Trade and Payments (growth %) > Exports (fob) (growth %),Exports (fob) (growth %),1,2024-25,4.4,1980-81,19.6,45
1,Economic and Social Indicators,شاخص‌های اقتصادی و اجتماعی,Trade and Payments (growth %) > Imports (fob) (growth %),Imports (fob) (growth %),1,2024-25,11.2,1980-81,14.5,45
1,Economic and Social Indicators,شاخص‌های اقتصادی و اجتماعی,Trade and Payments (growth %) > Workers' Remittances (growth %),Workers' Remittances (growth %),1,2024-25,26.6,1980-81,9.9,45
1,Economic and Social Indicators,شاخص‌های اقتصادی و اجتماعی,Trade and Payments (growth %) > Exports (fob) As % of GDP (mp),Exports (fob) As % of GDP (mp),1,2024-25,7.9,1980-81,10,45
1,Economic and Social Indicators,شاخص‌های اقتصادی و اجتماعی,Trade and Payments (growth %) > Imports (fob) As % of GDP (mp),Imports (fob) As % of GDP (mp),1,2024-25,14.5,1980-81,19.8,45
1,Economic and Social Indicators,شاخص‌های اقتصادی و اجتماعی,Trade and Payments (growth %) > Trade Deficit As % of GDP (mp),Trade Deficit As % of GDP (mp),1,2024-25,6.6,1980-81,9.8,45
1,Economic and Social Indicators,شاخص‌های اقتصادی و اجتماعی,Trade and Payments (growth %) > Current Account Deficit As % of GDP (mp),Current Account Deficit As % of GDP (mp),1,2024-25,0.5,1980-81,3.7,45
1,Economic and Social Indicators,شاخص‌های اقتصادی و اجتماعی,Agriculture,Agriculture,0,,,,,0
1,Economic and Social Indicators,شاخص‌های اقتصادی و اجتماعی,Agriculture > Total Cropped Area (mln. Hectares),Total Cropped Area (mln. Hectares),1,2024-25,24.6,1980-81,19.3,45
1,Economic and Social Indicators,شاخص‌های اقتصادی و اجتماعی,Agriculture > Production,Production,1,,,,,0
1,Economic and Social Indicators,شاخص‌های اقتصادی و اجتماعی,"Agriculture > Production, Wheat (mln. tons)","Production, Wheat (mln. tons)",1,2024-25,28.4,1980-81,11.5,45
1,Economic and Social Indicators,شاخص‌های اقتصادی و اجتماعی,"Agriculture > Production, Rice (mln. tons)","Production, Rice (mln. tons)",1,2024-25,9.7,1980-81,3.1,45
1,Economic and Social Indicators,شاخص‌های اقتصادی و اجتماعی,"Agriculture > Production, Sugarcane (mln. tons)","Production, Sugarcane (mln. tons)",1,2024-25,84.2,1980-81,32.4,45
1,Economic and Social Indicators,شاخص‌های اقتصادی و اجتماعی,"Agriculture > Production, Cotton (mln. bales)","Production, Cotton (mln. bales)",1,2024-25,7.1,1980-81,4.2,45
1,Economic and Social Indicators,شاخص‌های اقتصادی و اجتماعی,Agriculture > Fertilizer Offtake (mln.N/tons),Fertilizer Offtake (mln.N/tons),1,2024-25,4.4,1980-81,1.1,45
1,Economic and Social Indicators,شاخص‌های اقتصادی و اجتماعی,Agriculture > Credit Disbursed (bln. Rs.),Credit Disbursed (bln. Rs.),1,2024-25,2577.3,1980-81,4,45
1,Economic and Social Indicators,شاخص‌های اقتصادی و اجتماعی,Manufacturing,Manufacturing,0,,,,,0
1,Economic and Social Indicators,شاخص‌های اقتصادی و اجتماعی,Manufacturing > Cotton Yarn (mln. Kg.),Cotton Yarn (mln. Kg.),1,2024-25,2665.3,1980-81,375,45
1,Economic and Social Indicators,شاخص‌های اقتصادی و اجتماعی,Manufacturing > Cotton Cloth (mln. sq. mtr.),Cotton Cloth (mln. sq. mtr.),1,2024-25,877.3,1980-81,308,45
1,Economic and Social Indicators,شاخص‌های اقتصادی و اجتماعی,Manufacturing > Fertilizer Offtake (mln. tons),Fertilizer Offtake (mln. tons),1,2024-25,9.4,1980-81,1.6,45
1,Economic and Social Indicators,شاخص‌های اقتصادی و اجتماعی,Manufacturing > Sugar (mln. tons),Sugar (mln. tons),1,2024-25,5.8,1980-81,0.9,45
1,Economic and Social Indicators,شاخص‌های اقتصادی و اجتماعی,Manufacturing > Cement (mln. tons),Cement (mln. tons),1,2024-25,37.8,1980-81,3.5,45
1,Economic and Social Indicators,شاخص‌های اقتصادی و اجتماعی,Manufacturing > Soda Ash (000 tons),Soda Ash (000 tons),1,2024-25,699.5,1980-81,96,45
1,Economic and Social Indicators,شاخص‌های اقتصادی و اجتماعی,Manufacturing > Caustic Soda (000 tons),Caustic Soda (000 tons),1,2024-25,452.5,1980-81,39,45
1,Economic and Social Indicators,شاخص‌های اقتصادی و اجتماعی,Manufacturing > Cigarettes (bln. nos.),Cigarettes (bln. nos.),1,2024-25,35.2,1980-81,36,45
1,Economic and Social Indicators,شاخص‌های اقتصادی و اجتماعی,Manufacturing > Jute Goods (000 tons),Jute Goods (000 tons),1,2024-25,29.5,1980-81,50,45
1,Economic and Social Indicators,شاخص‌های اقتصادی و اجتماعی,Energy,Energy,0,,,,,0
1,Economic and Social Indicators,شاخص‌های اقتصادی و اجتماعی,Energy > Crude Oil Extraction (mln. Barrels),Crude Oil Extraction (mln. Barrels),1,2024-25,22.8,1980-81,3.6,45
1,Economic and Social Indicators,شاخص‌های اقتصادی و اجتماعی,Energy > Gas (production) (mcf),Gas (production) (mcf),1,2024-25,1054.8,1980-81,299.8,45
1,Economic and Social Indicators,شاخص‌های اقتصادی و اجتماعی,Energy > Electricity (installed capacity) (000 MW),Electricity (installed capacity) (000 MW),1,2024-25,44.5,1980-81,4.1,45
1,Economic and Social Indicators,شاخص‌های اقتصادی و اجتماعی,Transport & Communications,Transport & Communications,0,,,,,0
1,Economic and Social Indicators,شاخص‌های اقتصادی و اجتماعی,Transport & Communications > Roads (000 km),Roads (000 km),1,2024-25,501.2,1980-81,94,45
1,Economic and Social Indicators,شاخص‌های اقتصادی و اجتماعی,Transport & Communications > Motor Vehicles on Roads (mln. nos.),Motor Vehicles on Roads (mln. nos.),1,2024-25,37.4,1980-81,0.8,45
1,Economic and Social Indicators,شاخص‌های اقتصادی و اجتماعی,Transport & Communications > Post Offices (000 nos.),Post Offices (000 nos.),1,2024-25,7,1980-81,11.2,45
1,Economic and Social Indicators,شاخص‌های اقتصادی و اجتماعی,Transport & Communications > TV Sets (000 nos.),TV Sets (000 nos.),1,2023-24,25330,2006-07,9003,18
1,Economic and Social Indicators,شاخص‌های اقتصادی و اجتماعی,Information Technology and Telecom,Information Technology and Telecom,0,,,,,0
1,Economic and Social Indicators,شاخص‌های اقتصادی و اجتماعی,Information Technology and Telecom > Telephones (mln. nos.),Telephones (mln. nos.),1,2024-25,2.5,1980-81,0.4,45
1,Economic and Social Indicators,شاخص‌های اقتصادی و اجتماعی,Information Technology and Telecom > Mobile Phones (mln. nos.),Mobile Phones (mln. nos.),1,2024-25,197.8,2000-01,0.7,25
1,Economic and Social Indicators,شاخص‌های اقتصادی و اجتماعی,Information Technology and Telecom > Telecom Revenues (Rs. bln.),Telecom Revenues (Rs. bln.),1,2024-25,1075,2018-19,604,7
1,Economic and Social Indicators,شاخص‌های اقتصادی و اجتماعی,Information Technology and Telecom > Teledensity (percent),Teledensity (percent),1,2024-25,81.1,2018-19,75.1,7
1,Economic and Social Indicators,شاخص‌های اقتصادی و اجتماعی,Information Technology and Telecom > Broadband Subscribers (mln. nos.),Broadband Subscribers (mln. nos.),1,2024-25,150,2018-19,69.4,7
1,Economic and Social Indicators,شاخص‌های اقتصادی و اجتماعی,Population (million),Population (million),0,2024-25,252.09,1980-81,83.8,45
1,Economic and Social Indicators,شاخص‌های اقتصادی و اجتماعی,Crude Birth Rate (per 1000 person),Crude Birth Rate (per 1000 person),0,2024-25,25.71,1984-85,43.3,35
1,Economic and Social Indicators,شاخص‌های اقتصادی و اجتماعی,Crude Death Rate (per 1000 person),Crude Death Rate (per 1000 person),0,2024-25,5.69,1984-85,11.8,35
1,Economic and Social Indicators,شاخص‌های اقتصادی و اجتماعی,Infant Mortality Rate (per 1000 person),Infant Mortality Rate (per 1000 person),0,2024-25,47,1984-85,126.7,34
1,Economic and Social Indicators,شاخص‌های اقتصادی و اجتماعی,Labour Force & Employment,Labour Force & Employment,0,,,,,0
1,Economic and Social Indicators,شاخص‌های اقتصادی و اجتماعی,Labour Force & Employment > Labour Force (million),Labour Force (million),1,2024-25,83.1,1980-81,25.7,39
1,Economic and Social Indicators,شاخص‌های اقتصادی و اجتماعی,Labour Force & Employment > Employed Labour Force (million),Employed Labour Force (million),1,2024-25,77.2,1980-81,24.7,39
1,Economic and Social Indicators,شاخص‌های اقتصادی و اجتماعی,Labour Force & Employment > Un-employed Labour Force (million),Un-employed Labour Force (million),1,2024-25,5.9,1980-81,1,39
1,Economic and Social Indicators,شاخص‌های اقتصادی و اجتماعی,Labour Force & Employment > Un-employment Rate (% per annum),Un-employment Rate (% per annum),1,2024-25,7.1,1980-81,3.7,39
1,Economic and Social Indicators,شاخص‌های اقتصادی و اجتماعی,Education,Education,0,,,,,0
1,Economic and Social Indicators,شاخص‌های اقتصادی و اجتماعی,Education > Primary Schools (000 nos.),Primary Schools (000 nos.),1,2024-25,154.9,1980-81,59.2,45
1,Economic and Social Indicators,شاخص‌های اقتصادی و اجتماعی,Education > Primary Schools (000 nos.) Male,Primary Schools (000 nos.) Male,1,2024-25,88.2,1980-81,40.6,45
1,Economic and Social Indicators,شاخص‌های اقتصادی و اجتماعی,Education > Primary Schools (000 nos.) Female,Primary Schools (000 nos.) Female,1,2024-25,66.7,1980-81,18.6,45
1,Economic and Social Indicators,شاخص‌های اقتصادی و اجتماعی,Education > Middle Schools (000 nos.),Middle Schools (000 nos.),1,2024-25,43.9,1980-81,5.3,45
1,Economic and Social Indicators,شاخص‌های اقتصادی و اجتماعی,Education > Middle Schools (000 nos.) Male,Middle Schools (000 nos.) Male,1,2024-25,22,1980-81,3.9,45
1,Economic and Social Indicators,شاخص‌های اقتصادی و اجتماعی,Education > Middle Schools (000 nos.) Female,Middle Schools (000 nos.) Female,1,2024-25,21.9,1980-81,1.4,45
1,Economic and Social Indicators,شاخص‌های اقتصادی و اجتماعی,Education > High Schools (000 nos.),High Schools (000 nos.),1,2024-25,48.7,1980-81,3.5,45
1,Economic and Social Indicators,شاخص‌های اقتصادی و اجتماعی,Education > High Schools (000 nos.) Male,High Schools (000 nos.) Male,1,2024-25,23.6,1980-81,2.5,45
1,Economic and Social Indicators,شاخص‌های اقتصادی و اجتماعی,Education > High Schools (000 nos.) Female,High Schools (000 nos.) Female,1,2024-25,25.1,1980-81,1,45
1,Economic and Social Indicators,شاخص‌های اقتصادی و اجتماعی,Education > Technical / Vocational Institutions (nos.),Technical / Vocational Institutions (nos.),1,2024-25,4746,1980-81,231,45
1,Economic and Social Indicators,شاخص‌های اقتصادی و اجتماعی,Education > Technical / Vocational Institutions (nos.) Male,Technical / Vocational Institutions (nos.) Male,1,2024-25,2804,1980-81,143,45
1,Economic and Social Indicators,شاخص‌های اقتصادی و اجتماعی,Education > Technical / Vocational Institutions (nos.) Female,Technical / Vocational Institutions (nos.) Female,1,2024-25,1942,1980-81,88,45
1,Economic and Social Indicators,شاخص‌های اقتصادی و اجتماعی,Education > Literacy Rate (percent),Literacy Rate (percent),1,2024-25,63,1980-81,26.2,31
1,Economic and Social Indicators,شاخص‌های اقتصادی و اجتماعی,Education > Literacy Rate (percent) Male,Literacy Rate (percent) Male,1,2024-25,73,1980-81,35.1,27
1,Economic and Social Indicators,شاخص‌های اقتصادی و اجتماعی,Education > Literacy Rate (percent) Female,Literacy Rate (percent) Female,1,2024-25,54,1980-81,16,27
1,Economic and Social Indicators,شاخص‌های اقتصادی و اجتماعی,Education > Expenditure on Education (as % of GDP),Expenditure on Education (as % of GDP),1,2024-25,0.8,1980-81,1.4,45
1,Economic and Social Indicators,شاخص‌های اقتصادی و اجتماعی,Health,Health,0,,,,,0
1,Economic and Social Indicators,شاخص‌های اقتصادی و اجتماعی,Health > Registered Doctors (000 nos.),Registered Doctors (000 nos.),1,2024-25,336.6,1980-81,10.8,45
1,Economic and Social Indicators,شاخص‌های اقتصادی و اجتماعی,Health > Registered Nurses (000 nos.),Registered Nurses (000 nos.),1,2024-25,138.4,1980-81,5.3,45
1,Economic and Social Indicators,شاخص‌های اقتصادی و اجتماعی,Health > Registered Dentists (000 nos.),Registered Dentists (000 nos.),1,2024-25,42.1,1980-81,0.9,45
1,Economic and Social Indicators,شاخص‌های اقتصادی و اجتماعی,Health > Hospitals (nos.),Hospitals (nos.),1,2024-25,1934,1980-81,602,45
1,Economic and Social Indicators,شاخص‌های اقتصادی و اجتماعی,Health > Dispensaries (000 nos.),Dispensaries (000 nos.),1,2024-25,6.2,1980-81,3.5,45
1,Economic and Social Indicators,شاخص‌های اقتصادی و اجتماعی,Health > Rural Health Centers (nos.),Rural Health Centers (nos.),1,2024-25,802,1980-81,0.2,45
1,Economic and Social Indicators,شاخص‌های اقتصادی و اجتماعی,Health > TB Centres (nos.),TB Centres (nos.),1,2024-25,486,1980-81,98,45
1,Economic and Social Indicators,شاخص‌های اقتصادی و اجتماعی,Health > Total Beds (000 nos.),Total Beds (000 nos.),1,2024-25,174,1980-81,47.4,45
1,Economic and Social Indicators,شاخص‌های اقتصادی و اجتماعی,Health > Expenditure on Health (as % of GDP),Expenditure on Health (as % of GDP),1,2024-25,0.8,1980-81,0.6,45
2,Growth and Investment,رشد و سرمایه‌گذاری,Agriculture at Basic Prices (Rs Million),Agriculture at Basic Prices (Rs Million),0,2025-26,9975844,1999-00,5018356,27
2,Growth and Investment,رشد و سرمایه‌گذاری,Agriculture at Basic Prices (Rs Million) > Crops at Basic Prices (Rs Million),Crops at Basic Prices (Rs Million),1,2025-26,3392543,1999-00,2293488,27
2,Growth and Investment,رشد و سرمایه‌گذاری,Agriculture at Basic Prices (Rs Million) > Crops at Basic Prices (Rs Million) > Important Crops at Basic Prices (Rs Million),Important Crops at Basic Prices (Rs Million),2,2025-26,1728137,1999-00,1162155,27
2,Growth and Investment,رشد و سرمایه‌گذاری,Agriculture at Basic Prices (Rs Million) > Crops at Basic Prices (Rs Million) > Other Crops at Basic Prices (Rs Million),Other Crops at Basic Prices (Rs Million),2,2025-26,1560645,1999-00,1001746,27
2,Growth and Investment,رشد و سرمایه‌گذاری,Agriculture at Basic Prices (Rs Million) > Crops at Basic Prices (Rs Million) > Cotton Ginning at Basic Prices (Rs Million),Cotton Ginning at Basic Prices (Rs Million),2,2025-26,103761,1999-00,129587,27
2,Growth and Investment,رشد و سرمایه‌گذاری,Agriculture at Basic Prices (Rs Million) > Livestock at Basic Prices (Rs Million),Livestock at Basic Prices (Rs Million),1,2025-26,6229439,1999-00,2413171,27
2,Growth and Investment,رشد و سرمایه‌گذاری,Agriculture at Basic Prices (Rs Million) > Forestry at Basic Prices (Rs Million),Forestry at Basic Prices (Rs Million),1,2025-26,225632,1999-00,212614,27
2,Growth and Investment,رشد و سرمایه‌گذاری,Agriculture at Basic Prices (Rs Million) > Fishing at Basic Prices (Rs Million),Fishing at Basic Prices (Rs Million),1,2025-26,128230,1999-00,99083,27
2,Growth and Investment,رشد و سرمایه‌گذاری,Industrial Sector at Basic Prices (Rs Million),Industrial Sector at Basic Prices (Rs Million),0,2025-26,7719583.771,1999-00,2644188,27
2,Growth and Investment,رشد و سرمایه‌گذاری,Industrial Sector at Basic Prices (Rs Million) > Mining & Quarrying at Basic Prices (Rs Million),Mining & Quarrying at Basic Prices (Rs Million),1,2025-26,594170,1999-00,387010,27
2,Growth and Investment,رشد و سرمایه‌گذاری,Industrial Sector at Basic Prices (Rs Million) > Manufacturing at Basic Prices (Rs Million),Manufacturing at Basic Prices (Rs Million),1,2025-26,5161262,1999-00,1405602,27
2,Growth and Investment,رشد و سرمایه‌گذاری,Industrial Sector at Basic Prices (Rs Million) > Manufacturing at Basic Prices (Rs Million) > Large Scale at Basic Prices (Rs Million),Large Scale at Basic Prices (Rs Million),2,2025-26,3478051.293,1999-00,1117699,27
2,Growth and Investment,رشد و سرمایه‌گذاری,Industrial Sector at Basic Prices (Rs Million) > Manufacturing at Basic Prices (Rs Million) > Small Scale at Basic Prices (Rs Million),Small Scale at Basic Prices (Rs Million),2,2025-26,1080886.682,1999-00,142702,27
2,Growth and Investment,رشد و سرمایه‌گذاری,Industrial Sector at Basic Prices (Rs Million) > Manufacturing at Basic Prices (Rs Million) > Slaughtering at Basic Prices (Rs Million),Slaughtering at Basic Prices (Rs Million),2,2025-26,602324.0241,1999-00,145200,27
2,Growth and Investment,رشد و سرمایه‌گذاری,"Industrial Sector at Basic Prices (Rs Million) > Electricity, Gas and Water Supply at Basic Prices (Rs Million)","Electricity, Gas and Water Supply at Basic Prices (Rs Million)",1,2025-26,964834,1999-00,478551,27
2,Growth and Investment,رشد و سرمایه‌گذاری,Industrial Sector at Basic Prices (Rs Million) > Construction at Basic Prices (Rs Million),Construction at Basic Prices (Rs Million),1,2025-26,999317.7713,1999-00,373025,27
2,Growth and Investment,رشد و سرمایه‌گذاری,Industrial Sector at Basic Prices (Rs Million) > Commodity Producing Sector at Basic Prices (Rs Million),Commodity Producing Sector at Basic Prices (Rs Million),1,2025-26,17695427.77,1999-00,7662545,27
2,Growth and Investment,رشد و سرمایه‌گذاری,Services Sector at Basic Prices (Rs Million),Services Sector at Basic Prices (Rs Million),0,2025-26,24866359,1999-00,8144532,27
2,Growth and Investment,رشد و سرمایه‌گذاری,Services Sector at Basic Prices (Rs Million) > Wholesale & Retail Trade at Basic Prices (Rs Million),Wholesale & Retail Trade at Basic Prices (Rs Million),1,2025-26,7576098,1999-00,2786055,27
2,Growth and Investment,رشد و سرمایه‌گذاری,Services Sector at Basic Prices (Rs Million) > Transport & Storage at Basic Prices (Rs Million),Transport & Storage at Basic Prices (Rs Million),1,2025-26,4406453,1999-00,1762192,27
2,Growth and Investment,رشد و سرمایه‌گذاری,"Services Sector at Basic Prices (Rs Million) > Accommodation and Food Services Activities, Hotels & Restaurants at Basic Prices (Rs Million)","Accommodation and Food Services Activities, Hotels & Restaurants at Basic Prices (Rs Million)",1,2025-26,634375,1999-00,148301,27
2,Growth and Investment,رشد و سرمایه‌گذاری,Services Sector at Basic Prices (Rs Million) > Information and Communication at Basic Prices (Rs Million),Information and Communication at Basic Prices (Rs Million),1,2025-26,1342621,1999-00,101150,27
2,Growth and Investment,رشد و سرمایه‌گذاری,Services Sector at Basic Prices (Rs Million) > Finance and Insurance Activities at Basic Prices (Rs Million),Finance and Insurance Activities at Basic Prices (Rs Million),1,2025-26,626432,1999-00,228780,27
2,Growth and Investment,رشد و سرمایه‌گذاری,Services Sector at Basic Prices (Rs Million) > Real Estate Activities (OD) at Basic Prices (Rs Million),Real Estate Activities (OD) at Basic Prices (Rs Million),1,2025-26,2495256,1999-00,950329,27
2,Growth and Investment,رشد و سرمایه‌گذاری,Services Sector at Basic Prices (Rs Million) > Public Administration and Social Security (General Government) at Basic Prices (Rs Million),Public Administration and Social Security (General Government) at Basic Prices (Rs Million),1,2025-26,1888728,1999-00,774211,27
2,Growth and Investment,رشد و سرمایه‌گذاری,Services Sector at Basic Prices (Rs Million) > Education at Basic Prices (Rs Million),Education at Basic Prices (Rs Million),1,2025-26,1359431,1999-00,354347,27
2,Growth and Investment,رشد و سرمایه‌گذاری,Services Sector at Basic Prices (Rs Million) > Human Health and Social Work Activities at Basic Prices (Rs Million),Human Health and Social Work Activities at Basic Prices (Rs Million),1,2025-26,748857,1999-00,118603,27
2,Growth and Investment,رشد و سرمایه‌گذاری,Services Sector at Basic Prices (Rs Million) > Other Private Services at Basic Prices (Rs Million),Other Private Services at Basic Prices (Rs Million),1,2025-26,3788108,1999-00,920565,27
2,Growth and Investment,رشد و سرمایه‌گذاری,Services Sector at Basic Prices (Rs Million) > GDP {Total of GVA at bp} (Rs Million),GDP {Total of GVA at bp} (Rs Million),1,2025-26,42561786.77,1999-00,15807077,27
2,Growth and Investment,رشد و سرمایه‌گذاری,Services Sector at Basic Prices (Rs Million) > Taxes at Basic Prices (Rs Million),Taxes at Basic Prices (Rs Million),1,2025-26,3775595,1999-00,899579,27
2,Growth and Investment,رشد و سرمایه‌گذاری,Services Sector at Basic Prices (Rs Million) > Subsidies at Basic Prices (Rs Million),Subsidies at Basic Prices (Rs Million),1,2025-26,578638,1999-00,66630,27
2,Growth and Investment,رشد و سرمایه‌گذاری,Services Sector at Basic Prices (Rs Million) > GDP {GVA + T - S} (Rs Million),GDP {GVA + T - S} (Rs Million),1,2025-26,45758743.77,1999-00,16640026,27
2,Growth and Investment,رشد و سرمایه‌گذاری,Services Sector at Basic Prices (Rs Million) > Net Primary Income (NPI) at Basic Prices (Rs Million),Net Primary Income (NPI) at Basic Prices (Rs Million),1,2025-26,4019288,1999-00,-256166,27
2,Growth and Investment,رشد و سرمایه‌گذاری,Services Sector at Basic Prices (Rs Million) > Gross National Income at Basic Prices (Rs Million),Gross National Income at Basic Prices (Rs Million),1,2025-26,49778031.77,1999-00,16383859,27
2,Growth and Investment,رشد و سرمایه‌گذاری,Services Sector at Basic Prices (Rs Million) > Population (in million),Population (in million),1,2025-26,254.64,1999-00,136,27
2,Growth and Investment,رشد و سرمایه‌گذاری,Agriculture at Basic Prices (% of GDP),Agriculture at Basic Prices (% of GDP),0,2024-25,23.6,1999-00,31.7,26
2,Growth and Investment,رشد و سرمایه‌گذاری,Agriculture at Basic Prices (% of GDP) > Crops (% of GDP),Crops (% of GDP),1,2024-25,8.1,1999-00,14.5,26
2,Growth and Investment,رشد و سرمایه‌گذاری,Agriculture at Basic Prices (% of GDP) > Crops (% of GDP) > Important Crops (% of GDP),Important Crops (% of GDP),2,2024-25,4.2,1999-00,7.4,26
2,Growth and Investment,رشد و سرمایه‌گذاری,Agriculture at Basic Prices (% of GDP) > Crops (% of GDP) > Other Crops (% of GDP),Other Crops (% of GDP),2,2024-25,3.7,1999-00,6.3,26
2,Growth and Investment,رشد و سرمایه‌گذاری,Agriculture at Basic Prices (% of GDP) > Crops (% of GDP) > Cotton Ginning (% of GDP),Cotton Ginning (% of GDP),2,2024-25,0.3,1999-00,0.8,26
2,Growth and Investment,رشد و سرمایه‌گذاری,Agriculture at Basic Prices (% of GDP) > Livestock (% of GDP),Livestock (% of GDP),1,2024-25,14.6,1999-00,15.3,26
2,Growth and Investment,رشد و سرمایه‌گذاری,Agriculture at Basic Prices (% of GDP) > Forestry (% of GDP),Forestry (% of GDP),1,2024-25,0.5,1999-00,1.3,26
2,Growth and Investment,رشد و سرمایه‌گذاری,Agriculture at Basic Prices (% of GDP) > Fishing (% of GDP),Fishing (% of GDP),1,2024-25,0.3,1999-00,0.6,26
2,Growth and Investment,رشد و سرمایه‌گذاری,Industrial Sector at Basic Prices (% of GDP),Industrial Sector at Basic Prices (% of GDP),0,2024-25,18.2,1999-00,16.7,26
2,Growth and Investment,رشد و سرمایه‌گذاری,Industrial Sector at Basic Prices (% of GDP) > Mining & Quarrying (% of GDP),Mining & Quarrying (% of GDP),1,2024-25,1.4,1999-00,2.4,26
2,Growth and Investment,رشد و سرمایه‌گذاری,Industrial Sector at Basic Prices (% of GDP) > Manufacturing (% of GDP),Manufacturing (% of GDP),1,2024-25,11.8,1999-00,8.9,26
2,Growth and Investment,رشد و سرمایه‌گذاری,Industrial Sector at Basic Prices (% of GDP) > Manufacturing (% of GDP) > Large Scale (% of GDP),Large Scale (% of GDP),2,2024-25,8,1999-00,7.1,26
2,Growth and Investment,رشد و سرمایه‌گذاری,Industrial Sector at Basic Prices (% of GDP) > Manufacturing (% of GDP) > Small Scale (% of GDP),Small Scale (% of GDP),2,2024-25,2.4,1999-00,0.9,26
2,Growth and Investment,رشد و سرمایه‌گذاری,Industrial Sector at Basic Prices (% of GDP) > Manufacturing (% of GDP) > Slaughtering (% of GDP),Slaughtering (% of GDP),2,2024-25,1.4,1999-00,0.9,26
2,Growth and Investment,رشد و سرمایه‌گذاری,"Industrial Sector at Basic Prices (% of GDP) > Electricity, Gas & Water Supply (% of GDP)","Electricity, Gas & Water Supply (% of GDP)",1,2024-25,2.6,1999-00,3,26
2,Growth and Investment,رشد و سرمایه‌گذاری,Industrial Sector at Basic Prices (% of GDP) > Construction (% of GDP),Construction (% of GDP),1,2024-25,2.3,1999-00,2.4,26
2,Growth and Investment,رشد و سرمایه‌گذاری,Industrial Sector at Basic Prices (% of GDP) > Commodity Producing Sector (% of GDP),Commodity Producing Sector (% of GDP),1,2024-25,41.8,1999-00,48.5,26
2,Growth and Investment,رشد و سرمایه‌گذاری,Services Sector at Basic Prices (% of GDP),Services Sector at Basic Prices (% of GDP),0,2024-25,58.2,1999-00,51.5,26
2,Growth and Investment,رشد و سرمایه‌گذاری,Services Sector at Basic Prices (% of GDP) > Wholesale & Retail Trade (% of GDP),Wholesale & Retail Trade (% of GDP),1,2024-25,17.8,1999-00,17.6,26
2,Growth and Investment,رشد و سرمایه‌گذاری,Services Sector at Basic Prices (% of GDP) > Transport & Storage (% of GDP),Transport & Storage (% of GDP),1,2024-25,10.5,1999-00,11.1,26
2,Growth and Investment,رشد و سرمایه‌گذاری,Services Sector at Basic Prices (% of GDP) > Accommodation and Food Services Activities (Hotels & Restaurants) (% of GDP),Accommodation and Food Services Activities (Hotels & Restaurants) (% of GDP),1,2024-25,1.5,1999-00,0.9,26
2,Growth and Investment,رشد و سرمایه‌گذاری,Services Sector at Basic Prices (% of GDP) > Information and Communication (% of GDP),Information and Communication (% of GDP),1,2024-25,3,1999-00,0.6,26
2,Growth and Investment,رشد و سرمایه‌گذاری,Services Sector at Basic Prices (% of GDP) > Finance and Insurance Activities (% of GDP),Finance and Insurance Activities (% of GDP),1,2024-25,1.5,1999-00,1.4,26
2,Growth and Investment,رشد و سرمایه‌گذاری,Services Sector at Basic Prices (% of GDP) > Real Estate Activities (OD) (% of GDP),Real Estate Activities (OD) (% of GDP),1,2024-25,5.9,1999-00,6,26
2,Growth and Investment,رشد و سرمایه‌گذاری,Services Sector at Basic Prices (% of GDP) > Public Administration and Social Security (General Government) (% of GDP),Public Administration and Social Security (General Government) (% of GDP),1,2024-25,4.2,1999-00,4.9,26
2,Growth and Investment,رشد و سرمایه‌گذاری,Services Sector at Basic Prices (% of GDP) > Education (% of GDP),Education (% of GDP),1,2024-25,3.1,1999-00,2.2,26
2,Growth and Investment,رشد و سرمایه‌گذاری,Services Sector at Basic Prices (% of GDP) > Human Health and Social Work Activities (% of GDP),Human Health and Social Work Activities (% of GDP),1,2024-25,1.7,1999-00,0.8,26
2,Growth and Investment,رشد و سرمایه‌گذاری,Services Sector at Basic Prices (% of GDP) > Other Private Services (% of GDP),Other Private Services (% of GDP),1,2024-25,8.9,1999-00,5.8,26
2,Growth and Investment,رشد و سرمایه‌گذاری,Services Sector at Basic Prices (% of GDP) > GDP {Total of GVA at bp} (% of GDP),GDP {Total of GVA at bp} (% of GDP),1,2024-25,100,1999-00,100,26
2,Growth and Investment,رشد و سرمایه‌گذاری,Agriculture Growth Rates (%),Agriculture Growth Rates (%),0,2025-26,2.89,2000-01,-0.09,26
2,Growth and Investment,رشد و سرمایه‌گذاری,"Agriculture Growth Rates (%) > Crops, Growth Rates (%)","Crops, Growth Rates (%)",1,2025-26,1.44,2000-01,-6.7,26
2,Growth and Investment,رشد و سرمایه‌گذاری,"Agriculture Growth Rates (%) > Crops, Growth Rates (%) > Important Crops, Growth Rates (%)","Important Crops, Growth Rates (%)",2,2025-26,0.65,2000-01,-10.13,26
2,Growth and Investment,رشد و سرمایه‌گذاری,"Agriculture Growth Rates (%) > Crops, Growth Rates (%) > Other Crops, Growth Rates (%)","Other Crops, Growth Rates (%)",2,2025-26,2.43,2000-01,-3.24,26
2,Growth and Investment,رشد و سرمایه‌گذاری,"Agriculture Growth Rates (%) > Crops, Growth Rates (%) > Cotton Ginning, Growth Rates (%)","Cotton Ginning, Growth Rates (%)",2,2025-26,0.07,2000-01,-2.66,26
2,Growth and Investment,رشد و سرمایه‌گذاری,"Agriculture Growth Rates (%) > Livestock, Growth Rates (%)","Livestock, Growth Rates (%)",1,2025-26,3.75,2000-01,5.62,26
2,Growth and Investment,رشد و سرمایه‌گذاری,"Agriculture Growth Rates (%) > Forestry, Growth Rates (%)","Forestry, Growth Rates (%)",1,2025-26,2.02,2000-01,7.78,26
2,Growth and Investment,رشد و سرمایه‌گذاری,"Agriculture Growth Rates (%) > Fishing, Growth Rates (%)","Fishing, Growth Rates (%)",1,2025-26,1.66,2000-01,-2.96,26
2,Growth and Investment,رشد و سرمایه‌گذاری,Industrial Sector Growth Rates (%),Industrial Sector Growth Rates (%),0,2025-26,3.51,2000-01,6.66,26
2,Growth and Investment,رشد و سرمایه‌گذاری,"Industrial Sector Growth Rates (%) > Mining & Quarrying, Growth Rates (%)","Mining & Quarrying, Growth Rates (%)",1,2025-26,0.38,2000-01,6.09,26
2,Growth and Investment,رشد و سرمایه‌گذاری,"Industrial Sector Growth Rates (%) > Manufacturing, Growth Rates (%)","Manufacturing, Growth Rates (%)",1,2025-26,6.61,2000-01,10.67,26
2,Growth and Investment,رشد و سرمایه‌گذاری,"Industrial Sector Growth Rates (%) > Manufacturing, Growth Rates (%) > Large Scale, Growth Rates (%)","Large Scale, Growth Rates (%)",2,2025-26,6.11,2000-01,11.78,26
2,Growth and Investment,رشد و سرمایه‌گذاری,"Industrial Sector Growth Rates (%) > Manufacturing, Growth Rates (%) > Small Scale, Growth Rates (%)","Small Scale, Growth Rates (%)",2,2025-26,8.5,2000-01,7.53,26
2,Growth and Investment,رشد و سرمایه‌گذاری,"Industrial Sector Growth Rates (%) > Manufacturing, Growth Rates (%) > Slaughtering, Growth Rates (%)","Slaughtering, Growth Rates (%)",2,2025-26,6.19,2000-01,5.21,26
2,Growth and Investment,رشد و سرمایه‌گذاری,"Industrial Sector Growth Rates (%) > Electricity, Gas & Water Supply, Growth Rates (%)","Electricity, Gas & Water Supply, Growth Rates (%)",1,2025-26,-10.63,2000-01,-3.99,26
2,Growth and Investment,رشد و سرمایه‌گذاری,"Industrial Sector Growth Rates (%) > Construction, Growth Rates (%)","Construction, Growth Rates (%)",1,2025-26,5.73,2000-01,5.79,26
2,Growth and Investment,رشد و سرمایه‌گذاری,"Industrial Sector Growth Rates (%) > Commodity Producing Sector, Growth Rates (%)","Commodity Producing Sector, Growth Rates (%)",1,2025-26,3.16,2000-01,2.24,26
2,Growth and Investment,رشد و سرمایه‌گذاری,Services Sector Growth Rates (%),Services Sector Growth Rates (%),0,2025-26,4.09,2000-01,4.95,26
2,Growth and Investment,رشد و سرمایه‌گذاری,"Services Sector Growth Rates (%) > Wholesale & Retail Trade, Growth Rates (%)","Wholesale & Retail Trade, Growth Rates (%)",1,2025-26,3.71,2000-01,4.87,26
2,Growth and Investment,رشد و سرمایه‌گذاری,"Services Sector Growth Rates (%) > Transport & Storage, Growth Rates (%)","Transport & Storage, Growth Rates (%)",1,2025-26,2.31,2000-01,6.09,26
2,Growth and Investment,رشد و سرمایه‌گذاری,"Services Sector Growth Rates (%) > Accommodation and Food Services Activities (Hotels & Restaurants), Growth Rates (%)","Accommodation and Food Services Activities (Hotels & Restaurants), Growth Rates (%)",1,2025-26,3.94,2000-01,10.02,26
2,Growth and Investment,رشد و سرمایه‌گذاری,"Services Sector Growth Rates (%) > Information and Communication, Growth Rates (%)","Information and Communication, Growth Rates (%)",1,2025-26,7.52,2000-01,1.49,26
2,Growth and Investment,رشد و سرمایه‌گذاری,"Services Sector Growth Rates (%) > Finance and Insurance Activities, Growth Rates (%)","Finance and Insurance Activities, Growth Rates (%)",1,2025-26,0.32,2000-01,10.84,26
2,Growth and Investment,رشد و سرمایه‌گذاری,"Services Sector Growth Rates (%) > Real Estate Activities (OD), Growth Rates (%)","Real Estate Activities (OD), Growth Rates (%)",1,2025-26,3.63,2000-01,3.75,26
2,Growth and Investment,رشد و سرمایه‌گذاری,"Services Sector Growth Rates (%) > Public Administration and Social Security (General Government), Growth Rates (%)","Public Administration and Social Security (General Government), Growth Rates (%)",1,2025-26,8.54,2000-01,1.64,26
2,Growth and Investment,رشد و سرمایه‌گذاری,"Services Sector Growth Rates (%) > Education, Growth Rates (%)","Education, Growth Rates (%)",1,2025-26,5.23,2000-01,2.8,26
2,Growth and Investment,رشد و سرمایه‌گذاری,"Services Sector Growth Rates (%) > Human Health and Social Work Activities, Growth Rates (%)","Human Health and Social Work Activities, Growth Rates (%)",1,2025-26,6.85,2000-01,4.44,26
2,Growth and Investment,رشد و سرمایه‌گذاری,"Services Sector Growth Rates (%) > Other Private Services, Growth Rates (%)","Other Private Services, Growth Rates (%)",1,2025-26,3.69,2000-01,6.07,26
2,Growth and Investment,رشد و سرمایه‌گذاری,"Services Sector Growth Rates (%) > GDP {Total of GVA at bp}, Growth Rates (%)","GDP {Total of GVA at bp}, Growth Rates (%)",1,2025-26,3.7,2000-01,3.64,26
2,Growth and Investment,رشد و سرمایه‌گذاری,Agriculture at Current Prices (Rs Million),Agriculture at Current Prices (Rs Million),0,2025-26,28475547,1999-00,1306700,27
2,Growth and Investment,رشد و سرمایه‌گذاری,Agriculture at Current Prices (Rs Million) > Crops at Current Prices (Rs Million),Crops at Current Prices (Rs Million),1,2025-26,9859889,1999-00,632036,27
2,Growth and Investment,رشد و سرمایه‌گذاری,Agriculture at Current Prices (Rs Million) > Crops at Current Prices (Rs Million) > Important at Current Prices Crops (Rs Million),Important at Current Prices Crops (Rs Million),2,2025-26,5079415,1999-00,329177,27
2,Growth and Investment,رشد و سرمایه‌گذاری,Agriculture at Current Prices (Rs Million) > Crops at Current Prices (Rs Million) > Other Crops at Current Prices (Rs Million),Other Crops at Current Prices (Rs Million),2,2025-26,4436521,1999-00,258904,27
2,Growth and Investment,رشد و سرمایه‌گذاری,Agriculture at Current Prices (Rs Million) > Crops at Current Prices (Rs Million) > Cotton Ginning at Current Prices (Rs Million),Cotton Ginning at Current Prices (Rs Million),2,2025-26,343953,1999-00,43954,27
2,Growth and Investment,رشد و سرمایه‌گذاری,Agriculture at Current Prices (Rs Million) > Livestock at Current Prices (Rs Million),Livestock at Current Prices (Rs Million),1,2025-26,17791259,1999-00,599267,27
2,Growth and Investment,رشد و سرمایه‌گذاری,Agriculture at Current Prices (Rs Million) > Forestry at Current Prices (Rs Million),Forestry at Current Prices (Rs Million),1,2025-26,527851,1999-00,48169,27
2,Growth and Investment,رشد و سرمایه‌گذاری,Agriculture at Current Prices (Rs Million) > Fishing at Current Prices (Rs Million),Fishing at Current Prices (Rs Million),1,2025-26,296548,1999-00,27228,27
2,Growth and Investment,رشد و سرمایه‌گذاری,Industrial Sector at Current Prices (Rs Million),Industrial Sector at Current Prices (Rs Million),0,2025-26,25314302,1999-00,884458,27
2,Growth and Investment,رشد و سرمایه‌گذاری,Industrial Sector at Current Prices (Rs Million) > Mining & Quarrying at Current Prices (Rs Million),Mining & Quarrying at Current Prices (Rs Million),1,2025-26,2501541,1999-00,109523,27
2,Growth and Investment,رشد و سرمایه‌گذاری,Industrial Sector at Current Prices (Rs Million) > Manufacturing at Current Prices (Rs Million),Manufacturing at Current Prices (Rs Million),1,2025-26,16807936,1999-00,468087,27
2,Growth and Investment,رشد و سرمایه‌گذاری,Industrial Sector at Current Prices (Rs Million) > Manufacturing at Current Prices (Rs Million) > Large Scale at Current Prices (Rs Million),Large Scale at Current Prices (Rs Million),2,2025-26,11869990.76,1999-00,391308,27
2,Growth and Investment,رشد و سرمایه‌گذاری,Industrial Sector at Current Prices (Rs Million) > Manufacturing at Current Prices (Rs Million) > Small Scale at Current Prices (Rs Million),Small Scale at Current Prices (Rs Million),2,2025-26,2995698.358,1999-00,46837,27
2,Growth and Investment,رشد و سرمایه‌گذاری,Industrial Sector at Current Prices (Rs Million) > Manufacturing at Current Prices (Rs Million) > Slaughtering at Current Prices (Rs Million),Slaughtering at Current Prices (Rs Million),2,2025-26,1942246.885,1999-00,29942,27
2,Growth and Investment,رشد و سرمایه‌گذاری,"Industrial Sector at Current Prices (Rs Million) > Electricity, Gas & Water Supply at Current Prices (Rs Million)","Electricity, Gas & Water Supply at Current Prices (Rs Million)",1,2025-26,2952845,1999-00,168854,27
2,Growth and Investment,رشد و سرمایه‌گذاری,Industrial Sector at Current Prices (Rs Million) > Construction at Current Prices (Rs Million),Construction at Current Prices (Rs Million),1,2025-26,3051980,1999-00,137994,27
2,Growth and Investment,رشد و سرمایه‌گذاری,Commodity Producing Sector at Current Prices (Rs Million),Commodity Producing Sector at Current Prices (Rs Million),0,2025-26,53789849,1999-00,2191158,27
2,Growth and Investment,رشد و سرمایه‌گذاری,Services Sector at Current Prices (Rs Million),Services Sector at Current Prices (Rs Million),0,2025-26,64200704,1999-00,2679799,27
2,Growth and Investment,رشد و سرمایه‌گذاری,Services Sector at Current Prices (Rs Million) > Wholesale & Retail Trade at Current Prices (Rs Million),Wholesale & Retail Trade at Current Prices (Rs Million),1,2025-26,22475673,1999-00,794014,27
2,Growth and Investment,رشد و سرمایه‌گذاری,Services Sector at Current Prices (Rs Million) > Transport & Storage at Current Prices (Rs Million),Transport & Storage at Current Prices (Rs Million),1,2025-26,10088063,1999-00,603577,27
2,Growth and Investment,رشد و سرمایه‌گذاری,Services Sector at Current Prices (Rs Million) > Accommodation and Food Services Activities (Hotels & Restaurants) at Current Prices (Rs Million),Accommodation and Food Services Activities (Hotels & Restaurants) at Current Prices (Rs Million),1,2025-26,1913589,1999-00,26316,27
2,Growth and Investment,رشد و سرمایه‌گذاری,Services Sector at Current Prices (Rs Million) > Information and Communication at Current Prices (Rs Million),Information and Communication at Current Prices (Rs Million),1,2025-26,1930265,1999-00,80798,27
2,Growth and Investment,رشد و سرمایه‌گذاری,Services Sector at Current Prices (Rs Million) > Finance and Insurance Activities at Current Prices (Rs Million),Finance and Insurance Activities at Current Prices (Rs Million),1,2025-26,2377015,1999-00,95542,27
2,Growth and Investment,رشد و سرمایه‌گذاری,Services Sector at Current Prices (Rs Million) > Real Estate Activities (OD) at Current Prices (Rs Million),Real Estate Activities (OD) at Current Prices (Rs Million),1,2025-26,4534917,1999-00,362443,27
2,Growth and Investment,رشد و سرمایه‌گذاری,Services Sector at Current Prices (Rs Million) > Public Administration and Social Security (General Government) at Current Prices (Rs Million),Public Administration and Social Security (General Government) at Current Prices (Rs Million),1,2025-26,5316068,1999-00,256665,27
2,Growth and Investment,رشد و سرمایه‌گذاری,Services Sector at Current Prices (Rs Million) > Education at Current Prices (Rs Million),Education at Current Prices (Rs Million),1,2025-26,2945445,1999-00,118808,27
2,Growth and Investment,رشد و سرمایه‌گذاری,Services Sector at Current Prices (Rs Million) > Human Health and Social Work Activities at Current Prices (Rs Million),Human Health and Social Work Activities at Current Prices (Rs Million),1,2025-26,2001413,1999-00,39518,27
2,Growth and Investment,رشد و سرمایه‌گذاری,Services Sector at Current Prices (Rs Million) > Other Private Services at Current Prices (Rs Million),Other Private Services at Current Prices (Rs Million),1,2025-26,10618256,1999-00,302118,27
2,Growth and Investment,رشد و سرمایه‌گذاری,Services Sector at Current Prices (Rs Million) > GDP {Total of GVA at bp} at Current Prices (Rs Million),GDP {Total of GVA at bp} at Current Prices (Rs Million),1,2025-26,117990553,1999-00,4870957,27
2,Growth and Investment,رشد و سرمایه‌گذاری,Services Sector at Current Prices (Rs Million) > Taxes at Current Prices (Rs Million),Taxes at Current Prices (Rs Million),1,2025-26,10313792,1999-00,298227,27
2,Growth and Investment,رشد و سرمایه‌گذاری,Services Sector at Current Prices (Rs Million) > Subsidies at Current Prices (Rs Million),Subsidies at Current Prices (Rs Million),1,2025-26,1434211,1999-00,22089,27
2,Growth and Investment,رشد و سرمایه‌گذاری,Services Sector at Current Prices (Rs Million) > GDP {GVA + T - S} at Current Prices (Rs Million),GDP {GVA + T - S} at Current Prices (Rs Million),1,2025-26,126870134,1999-00,5147095,27
2,Growth and Investment,رشد و سرمایه‌گذاری,Services Sector at Current Prices (Rs Million) > Net Primary Income (NPI) at Current Prices (Rs Million),Net Primary Income (NPI) at Current Prices (Rs Million),1,2025-26,9011846,1999-00,-54577,27
2,Growth and Investment,رشد و سرمایه‌گذاری,Services Sector at Current Prices (Rs Million) > Gross National Income at Current Prices (Rs Million),Gross National Income at Current Prices (Rs Million),1,2025-26,135881980,1999-00,5092518,27
2,Growth and Investment,رشد و سرمایه‌گذاری,Services Sector at Current Prices (Rs Million) > Per Capita Income (Rs Million),Per Capita Income (Rs Million),1,2025-26,533623.8611,1999-00,37570,27
2,Growth and Investment,رشد و سرمایه‌گذاری,Services Sector at Current Prices (Rs Million) > Per Capita Income(US $),Per Capita Income(US $),1,2025-26,1901.385573,1999-00,726,27
2,Growth and Investment,رشد و سرمایه‌گذاری,Services Sector at Current Prices (Rs Million) > GDP Deflator Index,GDP Deflator Index,1,2025-26,277.2218038,1999-00,30.93,27
2,Growth and Investment,رشد و سرمایه‌گذاری,Services Sector at Current Prices (Rs Million) > GDP Deflator (Growth %),GDP Deflator (Growth %),1,2025-26,6.112970444,2000-01,6.01,26
2,Growth and Investment,رشد و سرمایه‌گذاری,Household Final Consumption Expenditure (at constant prices of 2015-16),Household Final Consumption Expenditure (at constant prices of 2015-16),0,2025-26,40056413.27,1999-00,13671826,27
2,Growth and Investment,رشد و سرمایه‌گذاری,NPISH Final Consumption Expenditure (at constant prices of 2015-16),NPISH Final Consumption Expenditure (at constant prices of 2015-16),0,2025-26,452601.0381,1999-00,157653,27
2,Growth and Investment,رشد و سرمایه‌گذاری,General Government Final Consumption Expenditure (at constant prices of 2015-16),General Government Final Consumption Expenditure (at constant prices of 2015-16),0,2025-26,4443401,1999-00,1541505,27
2,Growth and Investment,رشد و سرمایه‌گذاری,Total Gross Capital Formation (at constant prices of 2015-16),Total Gross Capital Formation (at constant prices of 2015-16),0,2025-26,5827927.901,1999-00,2750112,27
2,Growth and Investment,رشد و سرمایه‌گذاری,Gross Fixed Capital Formation (at constant prices of 2015-16),Gross Fixed Capital Formation (at constant prices of 2015-16),0,2025-26,5045453.383,1999-00,2465567,27
2,Growth and Investment,رشد و سرمایه‌گذاری,Gross Fixed Capital Formation (at constant prices of 2015-16) > Private Sector GFCF (at constant prices of 2015-16),Private Sector GFCF (at constant prices of 2015-16),1,2025-26,3872290.493,1999-00,1759904,27
2,Growth and Investment,رشد و سرمایه‌گذاری,Gross Fixed Capital Formation (at constant prices of 2015-16) > Public Sector GFCF (at constant prices of 2015-16),Public Sector GFCF (at constant prices of 2015-16),1,2025-26,202785.8895,1999-00,484162,27
2,Growth and Investment,رشد و سرمایه‌گذاری,Gross Fixed Capital Formation (at constant prices of 2015-16) > General Govt. GFCF (at constant prices of 2015-16),General Govt. GFCF (at constant prices of 2015-16),1,2025-26,970377,1999-00,221502,27
2,Growth and Investment,رشد و سرمایه‌گذاری,Change in Inventories (at constant prices of 2015-16),Change in Inventories (at constant prices of 2015-16),0,2025-26,732139.9003,1999-00,266240,27
2,Growth and Investment,رشد و سرمایه‌گذاری,Valuable assets (at constant prices of 2015-16),Valuable assets (at constant prices of 2015-16),0,2025-26,50334.61815,1999-00,18304,27
2,Growth and Investment,رشد و سرمایه‌گذاری,Valuable assets (at constant prices of 2015-16) > Export of Goods and Non-Factor Services (at constant prices of 2015-16),Export of Goods and Non-Factor Services (at constant prices of 2015-16),1,2025-26,4531931.396,1999-00,1376996,27
2,Growth and Investment,رشد و سرمایه‌گذاری,Valuable assets (at constant prices of 2015-16) > Imports of Goods and Non-Factor Services (at constant prices of 2015-16),Imports of Goods and Non-Factor Services (at constant prices of 2015-16),1,2025-26,9553530.832,1999-00,2858066,27
2,Growth and Investment,رشد و سرمایه‌گذاری,Expenditure on GDP at Market Prices (at constant prices of 2015-16),Expenditure on GDP at Market Prices (at constant prices of 2015-16),0,2025-26,45758743.77,1999-00,16640026,27
2,Growth and Investment,رشد و سرمایه‌گذاری,Net Primary Income (at constant prices of 2015-16),Net Primary Income (at constant prices of 2015-16),0,2025-26,4019288,1999-00,-256166,27
2,Growth and Investment,رشد و سرمایه‌گذاری,Expenditure on GNI at Market Prices (at constant prices of 2015-16),Expenditure on GNI at Market Prices (at constant prices of 2015-16),0,2025-26,49778031.77,1999-00,16383859,27
2,Growth and Investment,رشد و سرمایه‌گذاری,GNI at Basic Prices (at constant prices of 2015-16),GNI at Basic Prices (at constant prices of 2015-16),0,2025-26,46581074.77,1999-00,15550911,27
2,Growth and Investment,رشد و سرمایه‌گذاری,Household Final Consumption Expenditure at Current Prices (Rs Million),Household Final Consumption Expenditure at Current Prices (Rs Million),0,2025-26,104845398.8,1999-00,3858189,27
2,Growth and Investment,رشد و سرمایه‌گذاری,NPISH Final Consumption Expenditure at Current Prices (Rs Million),NPISH Final Consumption Expenditure at Current Prices (Rs Million),0,2025-26,1264341,1999-00,52265,27
2,Growth and Investment,رشد و سرمایه‌گذاری,General Government Final Consumption Expenditure at Current Prices (Rs Million),General Government Final Consumption Expenditure at Current Prices (Rs Million),0,2025-26,12606585,1999-00,510387,27
2,Growth and Investment,رشد و سرمایه‌گذاری,Total Gross Capital Formation at Current Prices (Rs Million),Total Gross Capital Formation at Current Prices (Rs Million),0,2025-26,18240724.83,1999-00,839526,27
2,Growth and Investment,رشد و سرمایه‌گذاری,Gross Fixed Capital Formation at Current Prices (Rs Million),Gross Fixed Capital Formation at Current Prices (Rs Million),0,2025-26,16071245.54,1999-00,751511,27
2,Growth and Investment,رشد و سرمایه‌گذاری,Gross Fixed Capital Formation at Current Prices (Rs Million) > Private Sector GFCF at Current Prices (Rs Million),Private Sector GFCF at Current Prices (Rs Million),1,2025-26,12161895.28,1999-00,530019,27
2,Growth and Investment,رشد و سرمایه‌گذاری,Gross Fixed Capital Formation at Current Prices (Rs Million) > Public Sector GFCF at Current Prices (Rs Million),Public Sector GFCF at Current Prices (Rs Million),1,2025-26,751741.258,1999-00,159700,27
2,Growth and Investment,رشد و سرمایه‌گذاری,Gross Fixed Capital Formation at Current Prices (Rs Million) > General Govt. GFCF at Current Prices (Rs Million),General Govt. GFCF at Current Prices (Rs Million),1,2025-26,3157609,1999-00,61792,27
2,Growth and Investment,رشد و سرمایه‌گذاری,Change in Inventories at Current Prices (Rs Million),Change in Inventories at Current Prices (Rs Million),0,2025-26,2029922.144,1999-00,82354,27
2,Growth and Investment,رشد و سرمایه‌گذاری,Valuable at Current Prices (Rs Million),Valuable at Current Prices (Rs Million),0,2025-26,139557.1474,1999-00,5662,27
2,Growth and Investment,رشد و سرمایه‌گذاری,Valuable at Current Prices (Rs Million) > Export of Goods and Non-Factor Services at Current Prices (Rs Million),Export of Goods and Non-Factor Services at Current Prices (Rs Million),1,2025-26,11328646.53,1999-00,495646,27
2,Growth and Investment,رشد و سرمایه‌گذاری,Valuable at Current Prices (Rs Million) > Imports of Goods and Non-Factor Services at Current Prices (Rs Million),Imports of Goods and Non-Factor Services at Current Prices (Rs Million),1,2025-26,21415562.12,1999-00,608919,27
2,Growth and Investment,رشد و سرمایه‌گذاری,Expenditure on GDP at Market Prices at Current Prices (Rs Million),Expenditure on GDP at Market Prices at Current Prices (Rs Million),0,2025-26,126870134,1999-00,5147095,27
2,Growth and Investment,رشد و سرمایه‌گذاری,Expenditure on GDP at Market Prices at Current Prices (Rs Million) > Net Primary Income at Current Prices (Rs Million),Net Primary Income at Current Prices (Rs Million),1,2025-26,9011846,1999-00,-54577,27
2,Growth and Investment,رشد و سرمایه‌گذاری,Expenditure on GDP at Market Prices at Current Prices (Rs Million) > Expenditure on GNI at Market Prices at Current Prices (Rs Million),Expenditure on GNI at Market Prices at Current Prices (Rs Million),1,2025-26,135881980,1999-00,5092518,27
2,Growth and Investment,رشد و سرمایه‌گذاری,GNI at Basic Prices at Current Prices (Rs Million),GNI at Basic Prices at Current Prices (Rs Million),0,2025-26,127002399,1999-00,4816380,27
2,Growth and Investment,رشد و سرمایه‌گذاری,Private & Public at Current Prices GFCF (Rs Million),Private & Public at Current Prices GFCF (Rs Million),0,2025-26,12913636.54,1999-00,689719,27
2,Growth and Investment,رشد و سرمایه‌گذاری,"Private & Public at Current Prices GFCF (Rs Million) > Private & Public GFCF of Agriculture, Forestry & Fishing at Current Prices (Rs Million)","Private & Public GFCF of Agriculture, Forestry & Fishing at Current Prices (Rs Million)",1,2025-26,3594342,1999-00,178847,27
2,Growth and Investment,رشد و سرمایه‌گذاری,Private & Public at Current Prices GFCF (Rs Million) > Private & Public GFCF of Mining and Quarrying at Current Prices (Rs Million),Private & Public GFCF of Mining and Quarrying at Current Prices (Rs Million),1,2025-26,197973,1999-00,19099,27
2,Growth and Investment,رشد و سرمایه‌گذاری,Private & Public at Current Prices GFCF (Rs Million) > Private & Public GFCF of Manufacturing at Current Prices Rs Million),Private & Public GFCF of Manufacturing at Current Prices Rs Million),1,2025-26,1348918,1999-00,120178,27
2,Growth and Investment,رشد و سرمایه‌گذاری,Private & Public at Current Prices GFCF (Rs Million) > Private & Public GFCF of Manufacturing at Current Prices Rs Million) > Private & Public GFCF of LSM at Current Prices (Rs Million),Private & Public GFCF of LSM at Current Prices (Rs Million),2,2025-26,1038920,1999-00,112331,27
2,Growth and Investment,رشد و سرمایه‌گذاری,Private & Public at Current Prices GFCF (Rs Million) > Private & Public GFCF of Manufacturing at Current Prices Rs Million) > Private & Public GFCF of Small Scale (including Slaughtering) at Current Prices (Rs Million),Private & Public GFCF of Small Scale (including Slaughtering) at Current Prices (Rs Million),2,2025-26,309998,1999-00,7847,27
2,Growth and Investment,رشد و سرمایه‌گذاری,Private & Public at Current Prices GFCF (Rs Million) > Private & Public GFCF of Electricity Gas and Water Supply at Current Prices (Rs Million),Private & Public GFCF of Electricity Gas and Water Supply at Current Prices (Rs Million),1,2025-26,776255.4761,1999-00,79740,27
2,Growth and Investment,رشد و سرمایه‌گذاری,Private & Public at Current Prices GFCF (Rs Million) > Private & Public GFCF of Construction at Current Prices (Rs Million),Private & Public GFCF of Construction at Current Prices (Rs Million),1,2025-26,168284.0627,1999-00,15165,27
2,Growth and Investment,رشد و سرمایه‌گذاری,Private & Public at Current Prices GFCF (Rs Million) > Private & Public GFCF of Wholesale and Retail Trade at Current Prices (Rs Million),Private & Public GFCF of Wholesale and Retail Trade at Current Prices (Rs Million),1,2025-26,1187034,1999-00,26469,27
2,Growth and Investment,رشد و سرمایه‌گذاری,Private & Public at Current Prices GFCF (Rs Million) > Private & Public GFCF of Accommodation and Food Services Activities (Hotels & Restaurants) at Current Prices (Rs Million),Private & Public GFCF of Accommodation and Food Services Activities (Hotels & Restaurants) at Current Prices (Rs Million),1,2025-26,241407,1999-00,11024,27
2,Growth and Investment,رشد و سرمایه‌گذاری,Private & Public at Current Prices GFCF (Rs Million) > Private & Public GFCF of Transport and Storage at Current Prices (Rs Million),Private & Public GFCF of Transport and Storage at Current Prices (Rs Million),1,2025-26,719068,1999-00,58912,27
2,Growth and Investment,رشد و سرمایه‌گذاری,Private & Public at Current Prices GFCF (Rs Million) > Private & Public GFCF of Information and Communication at Current Prices (Rs Million),Private & Public GFCF of Information and Communication at Current Prices (Rs Million),1,2025-26,453001,1999-00,22319,27
2,Growth and Investment,رشد و سرمایه‌گذاری,Private & Public at Current Prices GFCF (Rs Million) > Private & Public GFCF of Finance and Insurance Activities at Current Prices (Rs Million),Private & Public GFCF of Finance and Insurance Activities at Current Prices (Rs Million),1,2025-26,314671,1999-00,8380,27
2,Growth and Investment,رشد و سرمایه‌گذاری,Private & Public at Current Prices GFCF (Rs Million) > Private & Public GFCF of Real Estate Activities (OD) at Current Prices (Rs Million),Private & Public GFCF of Real Estate Activities (OD) at Current Prices (Rs Million),1,2025-26,2297057,1999-00,103737,27
2,Growth and Investment,رشد و سرمایه‌گذاری,Private & Public at Current Prices GFCF (Rs Million) > Private & Public GFCF of Public Administration and Defence; compulsory social security at Current Prices (Rs Million),Private & Public GFCF of Public Administration and Defence; compulsory social security at Current Prices (Rs Million),1,2025-26,2819937,1999-00,50868,27
2,Growth and Investment,رشد و سرمایه‌گذاری,Private & Public at Current Prices GFCF (Rs Million) > Private & Public GFCF of Education at Current Prices (Rs Million),Private & Public GFCF of Education at Current Prices (Rs Million),1,2025-26,644862,1999-00,24228,27
2,Growth and Investment,رشد و سرمایه‌گذاری,Private & Public at Current Prices GFCF (Rs Million) > Private & Public GFCF of Human Health and Social Work Activities at Current Prices (Rs Million),Private & Public GFCF of Human Health and Social Work Activities at Current Prices (Rs Million),1,2025-26,449712,1999-00,12122,27
2,Growth and Investment,رشد و سرمایه‌گذاری,Private & Public at Current Prices GFCF (Rs Million) > Private & Public GFCF of Other Private Services at Current Prices (Rs Million),Private & Public GFCF of Other Private Services at Current Prices (Rs Million),1,2025-26,858724,1999-00,20424,27
2,Growth and Investment,رشد و سرمایه‌گذاری,Private Sector GFCF at Current Prices (Rs Million),Private Sector GFCF at Current Prices (Rs Million),0,2025-26,12161895.28,1999-00,530019,27
2,Growth and Investment,رشد و سرمایه‌گذاری,"Private Sector GFCF at Current Prices (Rs Million) > Private Sector GFCF of Agriculture, forestry and fishing at Current Prices (Rs Million)","Private Sector GFCF of Agriculture, forestry and fishing at Current Prices (Rs Million)",1,2025-26,3593283,1999-00,175926,27
2,Growth and Investment,رشد و سرمایه‌گذاری,"Private Sector GFCF at Current Prices (Rs Million) > Private Sector GFCF of Agriculture, forestry and fishing at Current Prices (Rs Million) > Private Sector GFCF of Crops at Current Prices (Rs Million)",Private Sector GFCF of Crops at Current Prices (Rs Million),2,2025-26,734367,1999-00,66641,27
2,Growth and Investment,رشد و سرمایه‌گذاری,"Private Sector GFCF at Current Prices (Rs Million) > Private Sector GFCF of Agriculture, forestry and fishing at Current Prices (Rs Million) > Private Sector GFCF of Cotton Ginning at Current Prices (Rs Million)",Private Sector GFCF of Cotton Ginning at Current Prices (Rs Million),2,2025-26,5036,1999-00,313,27
2,Growth and Investment,رشد و سرمایه‌گذاری,"Private Sector GFCF at Current Prices (Rs Million) > Private Sector GFCF of Agriculture, forestry and fishing at Current Prices (Rs Million) > Private Sector GFCF of Livestock at Current Prices (Rs Million)",Private Sector GFCF of Livestock at Current Prices (Rs Million),2,2025-26,2694075,1999-00,94974,27
2,Growth and Investment,رشد و سرمایه‌گذاری,"Private Sector GFCF at Current Prices (Rs Million) > Private Sector GFCF of Agriculture, forestry and fishing at Current Prices (Rs Million) > Private Sector GFCF of Forestry at Current Prices (Rs Million)",Private Sector GFCF of Forestry at Current Prices (Rs Million),2,2025-26,6842,1999-00,407,27
2,Growth and Investment,رشد و سرمایه‌گذاری,"Private Sector GFCF at Current Prices (Rs Million) > Private Sector GFCF of Agriculture, forestry and fishing at Current Prices (Rs Million) > Private Sector GFCF of Fishing at Current Prices (Rs Million)",Private Sector GFCF of Fishing at Current Prices (Rs Million),2,2025-26,152963,1999-00,13590,27
2,Growth and Investment,رشد و سرمایه‌گذاری,Private Sector GFCF at Current Prices (Rs Million) > Private Sector GFCF of Mining and quarrying at Current Prices (Rs Million),Private Sector GFCF of Mining and quarrying at Current Prices (Rs Million),1,2025-26,157855,1999-00,17380,27
2,Growth and Investment,رشد و سرمایه‌گذاری,Private Sector GFCF at Current Prices (Rs Million) > Private Sector GFCF of Manufacturing at Current Prices (Rs Million),Private Sector GFCF of Manufacturing at Current Prices (Rs Million),1,2025-26,1340037,1999-00,98991,27
2,Growth and Investment,رشد و سرمایه‌گذاری,Private Sector GFCF at Current Prices (Rs Million) > Private Sector GFCF of Manufacturing at Current Prices (Rs Million) > Private Sector GFCF of Large Scale at Current Prices (Rs Million),Private Sector GFCF of Large Scale at Current Prices (Rs Million),2,2025-26,1030039,1999-00,91144,27
2,Growth and Investment,رشد و سرمایه‌گذاری,Private Sector GFCF at Current Prices (Rs Million) > Private Sector GFCF of Manufacturing at Current Prices (Rs Million) > Private Sector GFCF of Small Scale (including Slaughtering) at Current Prices (Rs Million),Private Sector GFCF of Small Scale (including Slaughtering) at Current Prices (Rs Million),2,2025-26,309998,1999-00,7847,27
2,Growth and Investment,رشد و سرمایه‌گذاری,"Private Sector GFCF at Current Prices (Rs Million) > Private Sector GFCF of Electricity, gas, and water supply at Current Prices (Rs Million)","Private Sector GFCF of Electricity, gas, and water supply at Current Prices (Rs Million)",1,2025-26,273565.2181,1999-00,7983,27
2,Growth and Investment,رشد و سرمایه‌گذاری,Private Sector GFCF at Current Prices (Rs Million) > Private Sector GFCF of Construction at Current Prices (Rs Million),Private Sector GFCF of Construction at Current Prices (Rs Million),1,2025-26,129998.0627,1999-00,12614,27
2,Growth and Investment,رشد و سرمایه‌گذاری,Private Sector GFCF at Current Prices (Rs Million) > Private Sector GFCF of Wholesale and retail trade at Current Prices (Rs Million),Private Sector GFCF of Wholesale and retail trade at Current Prices (Rs Million),1,2025-26,1187034,1999-00,26469,27
2,Growth and Investment,رشد و سرمایه‌گذاری,Private Sector GFCF at Current Prices (Rs Million) > Private Sector GFCF of Accommodation and food service activities (Hotels and Restaurants) at Current Prices (Rs Million),Private Sector GFCF of Accommodation and food service activities (Hotels and Restaurants) at Current Prices (Rs Million),1,2025-26,241407,1999-00,11024,27
2,Growth and Investment,رشد و سرمایه‌گذاری,Private Sector GFCF at Current Prices (Rs Million) > Private Sector GFCF of Transportation and storage at Current Prices (Rs Million),Private Sector GFCF of Transportation and storage at Current Prices (Rs Million),1,2025-26,661567,1999-00,22301,27
2,Growth and Investment,رشد و سرمایه‌گذاری,Private Sector GFCF at Current Prices (Rs Million) > Private Sector GFCF of Information and communication at Current Prices (Rs Million),Private Sector GFCF of Information and communication at Current Prices (Rs Million),1,2025-26,382514,1999-00,2717,27
2,Growth and Investment,رشد و سرمایه‌گذاری,Private Sector GFCF at Current Prices (Rs Million) > Private Sector GFCF of Financial and insurance activities at Current Prices (Rs Million),Private Sector GFCF of Financial and insurance activities at Current Prices (Rs Million),1,2025-26,281952,1999-00,5028,27
2,Growth and Investment,رشد و سرمایه‌گذاری,Private Sector GFCF at Current Prices (Rs Million) > Private Sector GFCF of Real estate activities (Ownership of Dwellings) at Current Prices (Rs Million),Private Sector GFCF of Real estate activities (Ownership of Dwellings) at Current Prices (Rs Million),1,2025-26,2297057,1999-00,103737,27
2,Growth and Investment,رشد و سرمایه‌گذاری,Private Sector GFCF at Current Prices (Rs Million) > Private Sector GFCF of Education at Current Prices (Rs Million),Private Sector GFCF of Education at Current Prices (Rs Million),1,2025-26,429696,1999-00,19020,27
2,Growth and Investment,رشد و سرمایه‌گذاری,Private Sector GFCF at Current Prices (Rs Million) > Private Sector GFCF of Human health and social work activities at Current Prices (Rs Million),Private Sector GFCF of Human health and social work activities at Current Prices (Rs Million),1,2025-26,327206,1999-00,6406,27
2,Growth and Investment,رشد و سرمایه‌گذاری,Private Sector GFCF at Current Prices (Rs Million) > Private Sector GFCF of Other Private Services at Current Prices (Rs Million),Private Sector GFCF of Other Private Services at Current Prices (Rs Million),1,2025-26,858724,1999-00,20424,27
2,Growth and Investment,رشد و سرمایه‌گذاری,Public Sector and General Govt. GFCF at Current Prices (Rs Million),Public Sector and General Govt. GFCF at Current Prices (Rs Million),0,2025-26,3909350.258,1999-00,221491,27
2,Growth and Investment,رشد و سرمایه‌گذاری,Public Sector GFCF (Autonomous & Semi Auto-Bodies) at Current Prices (Rs Million),Public Sector GFCF (Autonomous & Semi Auto-Bodies) at Current Prices (Rs Million),0,2025-26,751741.258,1999-00,159700,27
2,Growth and Investment,رشد و سرمایه‌گذاری,"Public Sector GFCF (Autonomous & Semi Auto-Bodies) at Current Prices (Rs Million) > Public Sector GFCF of Agriculture, Forestry & Fishing at Current Prices (Rs Million)","Public Sector GFCF of Agriculture, Forestry & Fishing at Current Prices (Rs Million)",1,2025-26,1059,1999-00,2921,27
2,Growth and Investment,رشد و سرمایه‌گذاری,Public Sector GFCF (Autonomous & Semi Auto-Bodies) at Current Prices (Rs Million) > Public Sector GFCF of Mining and Quarrying at Current Prices (Rs Million),Public Sector GFCF of Mining and Quarrying at Current Prices (Rs Million),1,2025-26,40118,1999-00,1719,27
2,Growth and Investment,رشد و سرمایه‌گذاری,Public Sector GFCF (Autonomous & Semi Auto-Bodies) at Current Prices (Rs Million) > Public Sector GFCF of Manufacturing (Large Scale) at Current Prices (Rs Million),Public Sector GFCF of Manufacturing (Large Scale) at Current Prices (Rs Million),1,2025-26,8881,1999-00,21187,27
2,Growth and Investment,رشد و سرمایه‌گذاری,"Public Sector GFCF (Autonomous & Semi Auto-Bodies) at Current Prices (Rs Million) > Public Sector GFCF of Electricity, Gas & Water Supply at Current Prices (Rs Million)","Public Sector GFCF of Electricity, Gas & Water Supply at Current Prices (Rs Million)",1,2025-26,502690.258,1999-00,71757,27
2,Growth and Investment,رشد و سرمایه‌گذاری,Public Sector GFCF (Autonomous & Semi Auto-Bodies) at Current Prices (Rs Million) > Public Sector GFCF of Construction at Current Prices (Rs Million),Public Sector GFCF of Construction at Current Prices (Rs Million),1,2025-26,38286,1999-00,2551,27
2,Growth and Investment,رشد و سرمایه‌گذاری,Public Sector GFCF (Autonomous & Semi Auto-Bodies) at Current Prices (Rs Million) > Public Sector GFCF of Transport & Storage at Current Prices (Rs Million),Public Sector GFCF of Transport & Storage at Current Prices (Rs Million),1,2025-26,57501,1999-00,36612,27
2,Growth and Investment,رشد و سرمایه‌گذاری,Public Sector GFCF (Autonomous & Semi Auto-Bodies) at Current Prices (Rs Million) > Public Sector GFCF of Transport & Storage at Current Prices (Rs Million) > Public Sector GFCF of Railways at Current Prices (Rs Million),Public Sector GFCF of Railways at Current Prices (Rs Million),2,2025-26,25180,1999-00,3336,27
2,Growth and Investment,رشد و سرمایه‌گذاری,Public Sector GFCF (Autonomous & Semi Auto-Bodies) at Current Prices (Rs Million) > Public Sector GFCF of Transport & Storage at Current Prices (Rs Million) > Public Sector GFCF of Post Office & PTCL at Current Prices (Rs Million),Public Sector GFCF of Post Office & PTCL at Current Prices (Rs Million),2,2025-26,0,1999-00,75,27
2,Growth and Investment,رشد و سرمایه‌گذاری,Public Sector GFCF (Autonomous & Semi Auto-Bodies) at Current Prices (Rs Million) > Public Sector GFCF of Transport & Storage at Current Prices (Rs Million) > Public Sector GFCF of Others at Current Prices (Rs Million),Public Sector GFCF of Others at Current Prices (Rs Million),2,2025-26,32321,1999-00,33200,27
2,Growth and Investment,رشد و سرمایه‌گذاری,Public Sector GFCF (Autonomous & Semi Auto-Bodies) at Current Prices (Rs Million) > Public Sector GFCF of Information and Communication at Current Prices (Rs Million),Public Sector GFCF of Information and Communication at Current Prices (Rs Million),1,2025-26,70487,1999-00,19601,27
2,Growth and Investment,رشد و سرمایه‌گذاری,Public Sector GFCF (Autonomous & Semi Auto-Bodies) at Current Prices (Rs Million) > Public Sector GFCF of Finance & Insurance at Current Prices (Rs Million),Public Sector GFCF of Finance & Insurance at Current Prices (Rs Million),1,2025-26,32719,1999-00,3352,27
2,Growth and Investment,رشد و سرمایه‌گذاری,General Govt. GFCF at Current Prices (Rs Million),General Govt. GFCF at Current Prices (Rs Million),0,2025-26,3157609,1999-00,61792,27
2,Growth and Investment,رشد و سرمایه‌گذاری,General Govt. GFCF at Current Prices (Rs Million) > General Govt. GFCF of Federal at Current Prices (Rs Million),General Govt. GFCF of Federal at Current Prices (Rs Million),1,2025-26,879297,1999-00,17889,27
2,Growth and Investment,رشد و سرمایه‌گذاری,General Govt. GFCF at Current Prices (Rs Million) > General Govt. GFCF of Provincial at Current Prices (Rs Million),General Govt. GFCF of Provincial at Current Prices (Rs Million),1,2025-26,1898948,1999-00,35138,27
2,Growth and Investment,رشد و سرمایه‌گذاری,General Govt. GFCF at Current Prices (Rs Million) > General Govt. GFCF of District Governments at Current Prices (Rs Million),General Govt. GFCF of District Governments at Current Prices (Rs Million),1,2025-26,379364,1999-00,8765,27
2,Growth and Investment,رشد و سرمایه‌گذاری,General Government GFCF (By industries) at Current Prices (Rs Million),General Government GFCF (By industries) at Current Prices (Rs Million),0,2025-26,3157609,1999-00,61792,27
2,Growth and Investment,رشد و سرمایه‌گذاری,General Government GFCF (By industries) at Current Prices (Rs Million) > General Government GFCF of Public Administration and Social Security (General Government) at Current Prices (Rs Million),General Government GFCF of Public Administration and Social Security (General Government) at Current Prices (Rs Million),1,2025-26,2819937,1999-00,50868,27
2,Growth and Investment,رشد و سرمایه‌گذاری,General Government GFCF (By industries) at Current Prices (Rs Million) > General Government GFCF of Education at Current Prices (Rs Million),General Government GFCF of Education at Current Prices (Rs Million),1,2025-26,215166,1999-00,5208,27
2,Growth and Investment,رشد و سرمایه‌گذاری,General Government GFCF (By industries) at Current Prices (Rs Million) > General Government GFCF of Human health and social work activities at Current Prices (Rs Million),General Government GFCF of Human health and social work activities at Current Prices (Rs Million),1,2025-26,122506,1999-00,5716,27
2,Growth and Investment,رشد و سرمایه‌گذاری,GFCF at Constant Prices 2015-16 (Rs Million),GFCF at Constant Prices 2015-16 (Rs Million),0,2025-26,5045453.383,1999-00,2465567,27
2,Growth and Investment,رشد و سرمایه‌گذاری,Private & Public GFCF at Constant Prices 2015-16 (Rs Million),Private & Public GFCF at Constant Prices 2015-16 (Rs Million),0,2025-26,4075076.383,1999-00,2244065,27
2,Growth and Investment,رشد و سرمایه‌گذاری,"Private & Public GFCF at Constant Prices 2015-16 (Rs Million) > Private & Public GFCF of Agriculture, Forestry & Fishing at Constant Prices 2015-16 (Rs Million)","Private & Public GFCF of Agriculture, Forestry & Fishing at Constant Prices 2015-16 (Rs Million)",1,2025-26,1148460,1999-00,618997,27
2,Growth and Investment,رشد و سرمایه‌گذاری,Private & Public GFCF at Constant Prices 2015-16 (Rs Million) > Private & Public GFCF of Mining and Quarrying at Constant Prices 2015-16 (Rs Million),Private & Public GFCF of Mining and Quarrying at Constant Prices 2015-16 (Rs Million),1,2025-26,54586,1999-00,75699,27
2,Growth and Investment,رشد و سرمایه‌گذاری,Private & Public GFCF at Constant Prices 2015-16 (Rs Million) > Private & Public GFCF of Manufacturing at Constant Prices 2015-16 (Rs Million),Private & Public GFCF of Manufacturing at Constant Prices 2015-16 (Rs Million),1,2025-26,424433,1999-00,429434,27
2,Growth and Investment,رشد و سرمایه‌گذاری,Private & Public GFCF at Constant Prices 2015-16 (Rs Million) > Private & Public GFCF of Manufacturing at Constant Prices 2015-16 (Rs Million) > Private & Public GFCF of Large Scale at Constant Prices 2015-16 (Rs Million),Private & Public GFCF of Large Scale at Constant Prices 2015-16 (Rs Million),2,2025-26,319274,1999-00,402620,27
2,Growth and Investment,رشد و سرمایه‌گذاری,Private & Public GFCF at Constant Prices 2015-16 (Rs Million) > Private & Public GFCF of Manufacturing at Constant Prices 2015-16 (Rs Million) > Private & Public GFCF of Small Scale (including Slaughtering) at Constant Prices 2015-16 (Rs Million),Private & Public GFCF of Small Scale (including Slaughtering) at Constant Prices 2015-16 (Rs Million),2,2025-26,105159,1999-00,26814,27
2,Growth and Investment,رشد و سرمایه‌گذاری,Private & Public GFCF at Constant Prices 2015-16 (Rs Million) > Private & Public GFCF of Electricity Gas and Water Supply at Constant Prices 2015-16 (Rs Million),Private & Public GFCF of Electricity Gas and Water Supply at Constant Prices 2015-16 (Rs Million),1,2025-26,240032.9254,1999-00,193420,27
2,Growth and Investment,رشد و سرمایه‌گذاری,Private & Public GFCF at Constant Prices 2015-16 (Rs Million) > Private & Public GFCF of Construction at Constant Prices 2015-16 (Rs Million),Private & Public GFCF of Construction at Constant Prices 2015-16 (Rs Million),1,2025-26,55061.45757,1999-00,40884,27
2,Growth and Investment,رشد و سرمایه‌گذاری,Private & Public GFCF at Constant Prices 2015-16 (Rs Million) > Private & Public GFCF of Wholesale and Retail Trade at Constant Prices 2015-16 (Rs Million),Private & Public GFCF of Wholesale and Retail Trade at Constant Prices 2015-16 (Rs Million),1,2025-26,364792,1999-00,94870,27
2,Growth and Investment,رشد و سرمایه‌گذاری,Private & Public GFCF at Constant Prices 2015-16 (Rs Million) > Private & Public GFCF of Accommodation and Food Services Activities (Hotels & Restaurants) at Constant Prices 2015-16 (Rs Million),Private & Public GFCF of Accommodation and Food Services Activities (Hotels & Restaurants) at Constant Prices 2015-16 (Rs Million),1,2025-26,74188,1999-00,39512,27
2,Growth and Investment,رشد و سرمایه‌گذاری,Private & Public GFCF at Constant Prices 2015-16 (Rs Million) > Private & Public GFCF of Transport and Storage at Constant Prices 2015-16 (Rs Million),Private & Public GFCF of Transport and Storage at Constant Prices 2015-16 (Rs Million),1,2025-26,220980,1999-00,211155,27
2,Growth and Investment,رشد و سرمایه‌گذاری,Private & Public GFCF at Constant Prices 2015-16 (Rs Million) > Private & Public GFCF of Information and Communication at Constant Prices 2015-16 (Rs Million),Private & Public GFCF of Information and Communication at Constant Prices 2015-16 (Rs Million),1,2025-26,139214,1999-00,80066,27
2,Growth and Investment,رشد و سرمایه‌گذاری,Private & Public GFCF at Constant Prices 2015-16 (Rs Million) > Private & Public GFCF of Finance and Insurance Activities at Constant Prices 2015-16 (Rs Million),Private & Public GFCF of Finance and Insurance Activities at Constant Prices 2015-16 (Rs Million),1,2025-26,96703,1999-00,30034,27
2,Growth and Investment,رشد و سرمایه‌گذاری,Private & Public GFCF at Constant Prices 2015-16 (Rs Million) > Private & Public GFCF of Real Estate Activities (OD) at Constant Prices 2015-16 (Rs Million),Private & Public GFCF of Real Estate Activities (OD) at Constant Prices 2015-16 (Rs Million),1,2025-26,751581,1999-00,279671,27
2,Growth and Investment,رشد و سرمایه‌گذاری,Private & Public GFCF at Constant Prices 2015-16 (Rs Million) > Private & Public GFCF of Public Administration and Defence; compulsory social security at Constant Prices 2015-16 (Rs Million),Private & Public GFCF of Public Administration and Defence; compulsory social security at Constant Prices 2015-16 (Rs Million),1,2025-26,866606,1999-00,182344,27
2,Growth and Investment,رشد و سرمایه‌گذاری,Private & Public GFCF at Constant Prices 2015-16 (Rs Million) > Private & Public GFCF of Education at Constant Prices 2015-16 (Rs Million),Private & Public GFCF of Education at Constant Prices 2015-16 (Rs Million),1,2025-26,206717,1999-00,69949,27
2,Growth and Investment,رشد و سرمایه‌گذاری,Private & Public GFCF at Constant Prices 2015-16 (Rs Million) > Private & Public GFCF of Human Health and Social Work Activities at Constant Prices 2015-16 (Rs Million),Private & Public GFCF of Human Health and Social Work Activities at Constant Prices 2015-16 (Rs Million),1,2025-26,138203,1999-00,44137,27
2,Growth and Investment,رشد و سرمایه‌گذاری,Private & Public GFCF at Constant Prices 2015-16 (Rs Million) > Private & Public GFCF of Other Private Services at Constant Prices 2015-16 (Rs Million),Private & Public GFCF of Other Private Services at Constant Prices 2015-16 (Rs Million),1,2025-26,263897,1999-00,75394,27
2,Growth and Investment,رشد و سرمایه‌گذاری,Private Sector GFCF at Constant Prices 2015-16 (Rs Million),Private Sector GFCF at Constant Prices 2015-16 (Rs Million),0,2025-26,3872290.493,1999-00,1759904,27
2,Growth and Investment,رشد و سرمایه‌گذاری,"Private Sector GFCF at Constant Prices 2015-16 (Rs Million) > Private Sector GFCF of Agriculture, forestry and fishing at Constant Prices 2015-16 (Rs Million)","Private Sector GFCF of Agriculture, forestry and fishing at Constant Prices 2015-16 (Rs Million)",1,2025-26,1148193,1999-00,611916,27
2,Growth and Investment,رشد و سرمایه‌گذاری,"Private Sector GFCF at Constant Prices 2015-16 (Rs Million) > Private Sector GFCF of Agriculture, forestry and fishing at Constant Prices 2015-16 (Rs Million) > Private Sector GFCF of Crops at Constant Prices 2015-16 (Rs Million)",Private Sector GFCF of Crops at Constant Prices 2015-16 (Rs Million),2,2025-26,185259,1999-00,161554,27
2,Growth and Investment,رشد و سرمایه‌گذاری,"Private Sector GFCF at Constant Prices 2015-16 (Rs Million) > Private Sector GFCF of Agriculture, forestry and fishing at Constant Prices 2015-16 (Rs Million) > Private Sector GFCF of Cotton Ginning at Constant Prices 2015-16 (Rs Million)",Private Sector GFCF of Cotton Ginning at Constant Prices 2015-16 (Rs Million),2,2025-26,1270,1999-00,759,27
2,Growth and Investment,رشد و سرمایه‌گذاری,"Private Sector GFCF at Constant Prices 2015-16 (Rs Million) > Private Sector GFCF of Agriculture, forestry and fishing at Constant Prices 2015-16 (Rs Million) > Private Sector GFCF of Livestock at Constant Prices 2015-16 (Rs Million)",Private Sector GFCF of Livestock at Constant Prices 2015-16 (Rs Million),2,2025-26,921350,1999-00,415670,27
2,Growth and Investment,رشد و سرمایه‌گذاری,"Private Sector GFCF at Constant Prices 2015-16 (Rs Million) > Private Sector GFCF of Agriculture, forestry and fishing at Constant Prices 2015-16 (Rs Million) > Private Sector GFCF of Forestry at Constant Prices 2015-16 (Rs Million)",Private Sector GFCF of Forestry at Constant Prices 2015-16 (Rs Million),2,2025-26,1726,1999-00,988,27
2,Growth and Investment,رشد و سرمایه‌گذاری,"Private Sector GFCF at Constant Prices 2015-16 (Rs Million) > Private Sector GFCF of Agriculture, forestry and fishing at Constant Prices 2015-16 (Rs Million) > Private Sector GFCF of Fishing at Constant Prices 2015-16 (Rs Million)",Private Sector GFCF of Fishing at Constant Prices 2015-16 (Rs Million),2,2025-26,38588,1999-00,32945,27
2,Growth and Investment,رشد و سرمایه‌گذاری,Private Sector GFCF at Constant Prices 2015-16 (Rs Million) > Private Sector GFCF of Mining and Quarrying at Constant Prices 2015-16 (Rs Million),Private Sector GFCF of Mining and Quarrying at Constant Prices 2015-16 (Rs Million),1,2025-26,43525,1999-00,68886,27
2,Growth and Investment,رشد و سرمایه‌گذاری,Private Sector GFCF at Constant Prices 2015-16 (Rs Million) > Private Sector GFCF of Manufacturing (A+B) at Constant Prices 2015-16 (Rs Million),Private Sector GFCF of Manufacturing (A+B) at Constant Prices 2015-16 (Rs Million),1,2025-26,421704,1999-00,353495,27
2,Growth and Investment,رشد و سرمایه‌گذاری,Private Sector GFCF at Constant Prices 2015-16 (Rs Million) > Private Sector GFCF of Manufacturing (A+B) at Constant Prices 2015-16 (Rs Million) > Private Sector GFCF of Large Scale at Constant Prices 2015-16 (Rs Million),Private Sector GFCF of Large Scale at Constant Prices 2015-16 (Rs Million),2,2025-26,316545,1999-00,326681,27
2,Growth and Investment,رشد و سرمایه‌گذاری,Private Sector GFCF at Constant Prices 2015-16 (Rs Million) > Private Sector GFCF of Manufacturing (A+B) at Constant Prices 2015-16 (Rs Million) > Private Sector GFCF of Small Scale (including Slaughtering) at Constant Prices 2015-16 (Rs Million),Private Sector GFCF of Small Scale (including Slaughtering) at Constant Prices 2015-16 (Rs Million),2,2025-26,105159,1999-00,26814,27
2,Growth and Investment,رشد و سرمایه‌گذاری,"Private Sector GFCF at Constant Prices 2015-16 (Rs Million) > Private Sector GFCF of Electricity, gas, and water supply at Constant Prices 2015-16 (Rs Million)","Private Sector GFCF of Electricity, gas, and water supply at Constant Prices 2015-16 (Rs Million)",1,2025-26,113219.0359,1999-00,19464,27
2,Growth and Investment,رشد و سرمایه‌گذاری,Private Sector GFCF at Constant Prices 2015-16 (Rs Million) > Private Sector GFCF of Construction at Constant Prices 2015-16 (Rs Million),Private Sector GFCF of Construction at Constant Prices 2015-16 (Rs Million),1,2025-26,42534.45757,1999-00,34007,27
2,Growth and Investment,رشد و سرمایه‌گذاری,Private Sector GFCF at Constant Prices 2015-16 (Rs Million) > Private Sector GFCF of Wholesale and retail trade at Constant Prices 2015-16 (Rs Million),Private Sector GFCF of Wholesale and retail trade at Constant Prices 2015-16 (Rs Million),1,2025-26,364792,1999-00,94870,27
2,Growth and Investment,رشد و سرمایه‌گذاری,Private Sector GFCF at Constant Prices 2015-16 (Rs Million) > Private Sector GFCF of Accommodation and food service activities (Hotels and Restaurants) at Constant Prices 2015-16 (Rs Million),Private Sector GFCF of Accommodation and food service activities (Hotels and Restaurants) at Constant Prices 2015-16 (Rs Million),1,2025-26,74188,1999-00,39512,27
2,Growth and Investment,رشد و سرمایه‌گذاری,Private Sector GFCF at Constant Prices 2015-16 (Rs Million) > Private Sector GFCF of Transportation and Storage at Constant Prices 2015-16 (Rs Million),Private Sector GFCF of Transportation and Storage at Constant Prices 2015-16 (Rs Million),1,2025-26,203309,1999-00,79931,27
2,Growth and Investment,رشد و سرمایه‌گذاری,Private Sector GFCF at Constant Prices 2015-16 (Rs Million) > Private Sector GFCF of Information and communication at Constant Prices 2015-16 (Rs Million),Private Sector GFCF of Information and communication at Constant Prices 2015-16 (Rs Million),1,2025-26,117552,1999-00,9810,27
2,Growth and Investment,رشد و سرمایه‌گذاری,Private Sector GFCF at Constant Prices 2015-16 (Rs Million) > Private Sector GFCF of Financial and Insurance activities at Constant Prices 2015-16 (Rs Million),Private Sector GFCF of Financial and Insurance activities at Constant Prices 2015-16 (Rs Million),1,2025-26,86648,1999-00,18020,27
2,Growth and Investment,رشد و سرمایه‌گذاری,Private Sector GFCF at Constant Prices 2015-16 (Rs Million) > Private Sector GFCF of Real estate activities (Ownership of Dwellings) at Constant Prices 2015-16 (Rs Million),Private Sector GFCF of Real estate activities (Ownership of Dwellings) at Constant Prices 2015-16 (Rs Million),1,2025-26,751581,1999-00,279671,27
2,Growth and Investment,رشد و سرمایه‌گذاری,Private Sector GFCF at Constant Prices 2015-16 (Rs Million) > Private Sector GFCF of Education at Constant Prices 2015-16 (Rs Million),Private Sector GFCF of Education at Constant Prices 2015-16 (Rs Million),1,2025-26,140593,1999-00,51280,27
2,Growth and Investment,رشد و سرمایه‌گذاری,Private Sector GFCF at Constant Prices 2015-16 (Rs Million) > Private Sector GFCF of Human health and social work activities at Constant Prices 2015-16 (Rs Million),Private Sector GFCF of Human health and social work activities at Constant Prices 2015-16 (Rs Million),1,2025-26,100555,1999-00,23648,27
2,Growth and Investment,رشد و سرمایه‌گذاری,Private Sector GFCF at Constant Prices 2015-16 (Rs Million) > Private Sector GFCF of Other Private Services at Constant Prices 2015-16 (Rs Million),Private Sector GFCF of Other Private Services at Constant Prices 2015-16 (Rs Million),1,2025-26,263897,1999-00,75394,27
2,Growth and Investment,رشد و سرمایه‌گذاری,Public Sector and General Govt. GFCF at Constant Prices 2015-16 (Rs Million),Public Sector and General Govt. GFCF at Constant Prices 2015-16 (Rs Million),0,2025-26,1173162.89,1999-00,705664,27
2,Growth and Investment,رشد و سرمایه‌گذاری,Public Sector GFCF (Autonomous & Semi Auto-Bodies) at Constant Prices 2015-16 (Rs Million),Public Sector GFCF (Autonomous & Semi Auto-Bodies) at Constant Prices 2015-16 (Rs Million),0,2025-26,202785.8895,1999-00,484162,27
2,Growth and Investment,رشد و سرمایه‌گذاری,"Public Sector GFCF (Autonomous & Semi Auto-Bodies) at Constant Prices 2015-16 (Rs Million) > Public Sector GFCF of Agriculture, Forestry & Fishing at Constant Prices 2015-16 (Rs Million)","Public Sector GFCF of Agriculture, Forestry & Fishing at Constant Prices 2015-16 (Rs Million)",1,2025-26,267,1999-00,7081,27
2,Growth and Investment,رشد و سرمایه‌گذاری,Public Sector GFCF (Autonomous & Semi Auto-Bodies) at Constant Prices 2015-16 (Rs Million) > Public Sector GFCF of Mining and Quarrying at Constant Prices 2015-16 (Rs Million),Public Sector GFCF of Mining and Quarrying at Constant Prices 2015-16 (Rs Million),1,2025-26,11061,1999-00,6813,27
2,Growth and Investment,رشد و سرمایه‌گذاری,Public Sector GFCF (Autonomous & Semi Auto-Bodies) at Constant Prices 2015-16 (Rs Million) > Public Sector GFCF of Manufacturing (Large Scale) at Constant Prices 2015-16 (Rs Million),Public Sector GFCF of Manufacturing (Large Scale) at Constant Prices 2015-16 (Rs Million),1,2025-26,2729,1999-00,75939,27
2,Growth and Investment,رشد و سرمایه‌گذاری,"Public Sector GFCF (Autonomous & Semi Auto-Bodies) at Constant Prices 2015-16 (Rs Million) > Public Sector GFCF of Electricity, Gas & Water Supply at Constant Prices 2015-16 (Rs Million)","Public Sector GFCF of Electricity, Gas & Water Supply at Constant Prices 2015-16 (Rs Million)",1,2025-26,126813.8895,1999-00,173956,27
2,Growth and Investment,رشد و سرمایه‌گذاری,Public Sector GFCF (Autonomous & Semi Auto-Bodies) at Constant Prices 2015-16 (Rs Million) > Public Sector GFCF of Construction at Constant Prices 2015-16 (Rs Million),Public Sector GFCF of Construction at Constant Prices 2015-16 (Rs Million),1,2025-26,12527,1999-00,6877,27
2,Growth and Investment,رشد و سرمایه‌گذاری,Public Sector GFCF (Autonomous & Semi Auto-Bodies) at Constant Prices 2015-16 (Rs Million) > Public Sector GFCF of Transport & Storage at Constant Prices 2015-16 (Rs Million),Public Sector GFCF of Transport & Storage at Constant Prices 2015-16 (Rs Million),1,2025-26,17671,1999-00,131224,27
2,Growth and Investment,رشد و سرمایه‌گذاری,Public Sector GFCF (Autonomous & Semi Auto-Bodies) at Constant Prices 2015-16 (Rs Million) > Public Sector GFCF of Transport & Storage at Constant Prices 2015-16 (Rs Million) > Public Sector GFCF of Railways at Constant Prices 2015-16 (Rs Million),Public Sector GFCF of Railways at Constant Prices 2015-16 (Rs Million),2,2025-26,7738,1999-00,11958,27
2,Growth and Investment,رشد و سرمایه‌گذاری,Public Sector GFCF (Autonomous & Semi Auto-Bodies) at Constant Prices 2015-16 (Rs Million) > Public Sector GFCF of Transport & Storage at Constant Prices 2015-16 (Rs Million) > Public Sector GFCF of Post Office & PTCL at Constant Prices 2015-16 (Rs Million),Public Sector GFCF of Post Office & PTCL at Constant Prices 2015-16 (Rs Million),2,2025-26,0,1999-00,270,27
2,Growth and Investment,رشد و سرمایه‌گذاری,Public Sector GFCF (Autonomous & Semi Auto-Bodies) at Constant Prices 2015-16 (Rs Million) > Public Sector GFCF of Transport & Storage at Constant Prices 2015-16 (Rs Million) > Public Sector GFCF of Others at Constant Prices 2015-16 (Rs Million),Public Sector GFCF of Others at Constant Prices 2015-16 (Rs Million),2,2025-26,9933,1999-00,118996,27
2,Growth and Investment,رشد و سرمایه‌گذاری,Public Sector GFCF (Autonomous & Semi Auto-Bodies) at Constant Prices 2015-16 (Rs Million) > Public Sector GFCF of Information and Communication at Constant Prices 2015-16 (Rs Million),Public Sector GFCF of Information and Communication at Constant Prices 2015-16 (Rs Million),1,2025-26,21662,1999-00,70256,27
2,Growth and Investment,رشد و سرمایه‌گذاری,Public Sector GFCF (Autonomous & Semi Auto-Bodies) at Constant Prices 2015-16 (Rs Million) > Public Sector GFCF of Finance & Insurance at Constant Prices 2015-16 (Rs Million),Public Sector GFCF of Finance & Insurance at Constant Prices 2015-16 (Rs Million),1,2025-26,10055,1999-00,12014,27
2,Growth and Investment,رشد و سرمایه‌گذاری,General Govt. GFCF at Constant Prices 2015-16 (Rs Million),General Govt. GFCF at Constant Prices 2015-16 (Rs Million),0,2025-26,970377,1999-00,221502,27
2,Growth and Investment,رشد و سرمایه‌گذاری,General Govt. GFCF at Constant Prices 2015-16 (Rs Million) > General Govt. GFCF of Federal at Constant Prices 2015-16 (Rs Million),General Govt. GFCF of Federal at Constant Prices 2015-16 (Rs Million),1,2025-26,270220,1999-00,64126,27
2,Growth and Investment,رشد و سرمایه‌گذاری,General Govt. GFCF at Constant Prices 2015-16 (Rs Million) > General Govt. GFCF of Provincial at Constant Prices 2015-16 (Rs Million),General Govt. GFCF of Provincial at Constant Prices 2015-16 (Rs Million),1,2025-26,583573,1999-00,125956,27
2,Growth and Investment,رشد و سرمایه‌گذاری,General Govt. GFCF at Constant Prices 2015-16 (Rs Million) > General Govt. GFCF of District Governments at Constant Prices 2015-16 (Rs Million),General Govt. GFCF of District Governments at Constant Prices 2015-16 (Rs Million),1,2025-26,116584,1999-00,31419,27
2,Growth and Investment,رشد و سرمایه‌گذاری,General Govt. GFCF (By industries) at Constant Prices 2015-16 (Rs Million),General Govt. GFCF (By industries) at Constant Prices 2015-16 (Rs Million),0,2025-26,970377,1999-00,221502,27
2,Growth and Investment,رشد و سرمایه‌گذاری,General Govt. GFCF (By industries) at Constant Prices 2015-16 (Rs Million) > General Govt. GFCF of Public Administration and Social Security (General Government) at Constant Prices 2015-16 (Rs Million),General Govt. GFCF of Public Administration and Social Security (General Government) at Constant Prices 2015-16 (Rs Million),1,2025-26,866606,1999-00,182344,27
2,Growth and Investment,رشد و سرمایه‌گذاری,General Govt. GFCF (By industries) at Constant Prices 2015-16 (Rs Million) > General Govt. GFCF of Education at Constant Prices 2015-16 (Rs Million),General Govt. GFCF of Education at Constant Prices 2015-16 (Rs Million),1,2025-26,66124,1999-00,18668,27
2,Growth and Investment,رشد و سرمایه‌گذاری,General Govt. GFCF (By industries) at Constant Prices 2015-16 (Rs Million) > General Govt. GFCF of Human health and social work activities at Constant Prices 2015-16 (Rs Million),General Govt. GFCF of Human health and social work activities at Constant Prices 2015-16 (Rs Million),1,2025-26,37648,1999-00,20490,27
3,Agriculture,کشاورزی,Agricultural Production Index,Agricultural Production Index,0,,,,,0
3,Agriculture,کشاورزی,Agricultural Production Index > Food crop Wheat Index,Food crop Wheat Index,1,2025-26,115.5,2005-06,100,21
3,Agriculture,کشاورزی,Agricultural Production Index > Food crop Maize Index,Food crop Maize Index,1,2025-26,166.8,2005-06,100,21
3,Agriculture,کشاورزی,Agricultural Production Index > Food crop Rice Index,Food crop Rice Index,1,2025-26,147.1,2005-06,100,21
3,Agriculture,کشاورزی,Agricultural Production Index > Cash crop Sugarcane Index,Cash crop Sugarcane Index,1,2025-26,136.6,2005-06,100,21
3,Agriculture,کشاورزی,Agricultural Production Index > Fiber crop Cotton Index,Fiber crop Cotton Index,1,2025-26,71.1,2005-06,100,21
3,Agriculture,کشاورزی,Production of Tractors (Nos),Production of Tractors (Nos),0,2025-26,21623,1970-71,3879,56
3,Agriculture,کشاورزی,Production of Meat (000 Tonnes),Production of Meat (000 Tonnes),0,2025-26,6314,1971-72,568,55
3,Agriculture,کشاورزی,Milk (000 Tonnes),Milk (000 Tonnes),0,2025-26,60185,1971-72,7800,55
3,Agriculture,کشاورزی,Fish Production (000 Tonnes),Fish Production (000 Tonnes),0,2025-26,642.2,1970-71,172.8,56
3,Agriculture,کشاورزی,Total Forest Production (000 cu.mtr.),Total Forest Production (000 cu.mtr.),0,2012-13,354,1970-71,762,43
3,Agriculture,کشاورزی,Cropped Area (million hectares),Cropped Area (million hectares),0,2025-26,24.24,1970-71,16.62,56
3,Agriculture,کشاورزی,Improved Seed Distribution (000 Tonnes),Improved Seed Distribution (000 Tonnes),0,2025-26,767.93,1971-72,22.54,55
3,Agriculture,کشاورزی,Water Availability (MAF),Water Availability (MAF),0,2022-23,114.1,1970-71,69.95,52
3,Agriculture,کشاورزی,Fertilizer Offtake (000 N/T),Fertilizer Offtake (000 N/T),0,2025-26,3795,1970-71,283.2,56
3,Agriculture,کشاورزی,Credit Disbursed (Rs million),Credit Disbursed (Rs million),0,2025-26,2161644,1970-71,158.38,56
3,Agriculture,کشاورزی,Tubewells Public & Private (Number in 000),Tubewells Public & Private (Number in 000),0,2025-26,1553.25,1970-71,97636,55
3,Agriculture,کشاورزی,Land Utilization,Land Utilization,0,,,,,0
3,Agriculture,کشاورزی,Land Utilization > Total Area (Million Hectares),Total Area (Million Hectares),1,2024-25,79.6,1970-71,79.61,55
3,Agriculture,کشاورزی,Land Utilization > Reported Area (Million Hectares),Reported Area (Million Hectares),1,2024-25,58.26,1970-71,53.55,55
3,Agriculture,کشاورزی,Land Utilization > Forest Area (Million Hectares),Forest Area (Million Hectares),1,2024-25,4.5,1970-71,2.83,55
3,Agriculture,کشاورزی,Land Utilization > Not Available for Cultivation (Million Hectares),Not Available for Cultivation (Million Hectares),1,2024-25,23.06,1970-71,20.4,55
3,Agriculture,کشاورزی,Land Utilization > Culturable Waste (Million Hectares),Culturable Waste (Million Hectares),1,2024-25,8.21,1970-71,11.11,55
3,Agriculture,کشاورزی,Land Utilization > Cultivated Area Current Fallow (Million Hectares),Cultivated Area Current Fallow (Million Hectares),1,2024-25,6.36,1970-71,4.77,55
3,Agriculture,کشاورزی,Land Utilization > Net Area Sown (Million Hectares),Net Area Sown (Million Hectares),1,2024-25,16.16,1970-71,14.44,55
3,Agriculture,کشاورزی,Land Utilization > Total Area Cultivated (Million Hectares),Total Area Cultivated (Million Hectares),1,2024-25,22.52,1970-71,19.21,55
3,Agriculture,کشاورزی,Land Utilization > Area Sown more than once (Million Hectares),Area Sown more than once (Million Hectares),1,2024-25,8.43,1970-71,2.18,55
3,Agriculture,کشاورزی,Land Utilization > Total Cropped Area (Million Hectares),Total Cropped Area (Million Hectares),1,2024-25,24.59,1970-71,16.62,55
3,Agriculture,کشاورزی,Area under important crops,Area under important crops,0,,,,,0
3,Agriculture,کشاورزی,Area under important crops > Wheat (000 Hectares),Wheat (000 Hectares),1,2025-26,9478,1970-71,5977,56
3,Agriculture,کشاورزی,Area under important crops > Rice (000 Hectares),Rice (000 Hectares),1,2025-26,3759,1970-71,1503,56
3,Agriculture,کشاورزی,Area under important crops > Bajra (000 Hectares),Bajra (000 Hectares),1,2025-26,250,1970-71,750,56
3,Agriculture,کشاورزی,Area under important crops > Jowar (000 Hectares),Jowar (000 Hectares),1,2025-26,40,1970-71,558,56
3,Agriculture,کشاورزی,Area under important crops > Maize (000 Hectares),Maize (000 Hectares),1,2025-26,1587,1970-71,640,56
3,Agriculture,کشاورزی,Area under important crops > Barley (000 Hectares),Barley (000 Hectares),1,2025-26,39,1970-71,141,56
3,Agriculture,کشاورزی,Area under important crops > Total Food Grains (000 Hectares),Total Food Grains (000 Hectares),1,2025-26,15153,1970-71,9569,56
3,Agriculture,کشاورزی,Area under important crops > Gram (000 Hectares),Gram (000 Hectares),1,2025-26,782,1970-71,914,56
3,Agriculture,کشاورزی,Area under important crops > Sugarcane (000 Hectares),Sugarcane (000 Hectares),1,2025-26,1222,1970-71,636,56
3,Agriculture,کشاورزی,Area under important crops > Rapeseed and Mustard (000 Hectares),Rapeseed and Mustard (000 Hectares),1,2025-26,481,1970-71,510,56
3,Agriculture,کشاورزی,Area under important crops > Sesamum (000 Hectares),Sesamum (000 Hectares),1,2025-26,486,1970-71,31,56
3,Agriculture,کشاورزی,Area under important crops > Cotton (000 Hectares),Cotton (000 Hectares),1,2025-26,2012,1970-71,1733,56
3,Agriculture,کشاورزی,Area under important crops > Tobacco (000 Hectares),Tobacco (000 Hectares),1,2025-26,75,1970-71,61,56
3,Agriculture,کشاورزی,Production of Important Crops,Production of Important Crops,0,,,,,0
3,Agriculture,کشاورزی,Production of Important Crops > Wheat (000 tonnes),Wheat (000 tonnes),1,2025-26,29605,1970-71,6476,56
3,Agriculture,کشاورزی,Production of Important Crops > Rice (000 tonnes),Rice (000 tonnes),1,2025-26,9998,1970-71,2200,56
3,Agriculture,کشاورزی,Production of Important Crops > Bajra (000 tonnes),Bajra (000 tonnes),1,2025-26,270,1970-71,355,56
3,Agriculture,کشاورزی,Production of Important Crops > Jowar (000 tonnes),Jowar (000 tonnes),1,2025-26,33,1970-71,329,56
3,Agriculture,کشاورزی,Production of Important Crops > Maize (000 tonnes),Maize (000 tonnes),1,2025-26,8794,1970-71,718,56
3,Agriculture,کشاورزی,Production of Important Crops > Barley (000 tonnes),Barley (000 tonnes),1,2025-26,42,1970-71,91,56
3,Agriculture,کشاورزی,Production of Important Crops > Total Food Grains (000 tonnes),Total Food Grains (000 tonnes),1,2025-26,48742,1970-71,10169,56
3,Agriculture,کشاورزی,Production of Important Crops > Gram (000 tonnes),Gram (000 tonnes),1,2025-26,259,1970-71,494,56
3,Agriculture,کشاورزی,Production of Important Crops > Sugarcane (000 tonnes),Sugarcane (000 tonnes),1,2025-26,89450,1970-71,23167,56
3,Agriculture,کشاورزی,Production of Important Crops > Rapeseed and Mustard (000 tonnes),Rapeseed and Mustard (000 tonnes),1,2025-26,521,1970-71,269,56
3,Agriculture,کشاورزی,Production of Important Crops > Sesamum (000 tonnes),Sesamum (000 tonnes),1,2025-26,296,1975-76,10.7,51
3,Agriculture,کشاورزی,Production of Important Crops > Cotton (000 tonnes),Cotton (000 tonnes),1,2025-26,1200,1970-71,542,56
3,Agriculture,کشاورزی,Production of Important Crops > Cotton (000 bales),Cotton (000 bales),1,2025-26,7052,1970-71,3189,56
3,Agriculture,کشاورزی,Production of Important Crops > Tobacco (000 tonnes),Tobacco (000 tonnes),1,2025-26,238,1970-71,113,56
3,Agriculture,کشاورزی,Yield Per Hectare of Major Agricultural Crops,Yield Per Hectare of Major Agricultural Crops,0,,,,,0
3,Agriculture,کشاورزی,Yield Per Hectare of Major Agricultural Crops > Wheat (Kg/Hectare),Wheat (Kg/Hectare),1,2025-26,3124,1970-71,1083,56
3,Agriculture,کشاورزی,Yield Per Hectare of Major Agricultural Crops > Rice (Kg/Hectare),Rice (Kg/Hectare),1,2025-26,2660,1970-71,1464,56
3,Agriculture,کشاورزی,Yield Per Hectare of Major Agricultural Crops > Sugarcane (Kg/Hectare),Sugarcane (Kg/Hectare),1,2025-26,73200,1970-71,36426,56
3,Agriculture,کشاورزی,Yield Per Hectare of Major Agricultural Crops > Maize (Kg/Hectare),Maize (Kg/Hectare),1,2025-26,5541,1970-71,1122,56
3,Agriculture,کشاورزی,Yield Per Hectare of Major Agricultural Crops > Gram (Kg/Hectare),Gram (Kg/Hectare),1,2025-26,331,1970-71,540,56
3,Agriculture,کشاورزی,Yield Per Hectare of Major Agricultural Crops > Cotton (Kg/Hectare),Cotton (Kg/Hectare),1,2025-26,596,1970-71,313,56
3,Agriculture,کشاورزی,Production of Important Fruit,Production of Important Fruit,0,,,,,0
3,Agriculture,کشاورزی,Production of Important Fruit > Citrus (000 tonnes),Citrus (000 tonnes),1,2025-26,3911,1970-71,445,56
3,Agriculture,کشاورزی,Production of Important Fruit > Mango (000 tonnes),Mango (000 tonnes),1,2025-26,2909,1970-71,519,56
3,Agriculture,کشاورزی,Production of Important Fruit > Apple (000 tonnes),Apple (000 tonnes),1,2025-26,757,1970-71,33,56
3,Agriculture,کشاورزی,Production of Important Fruit > Banana (000 tonnes),Banana (000 tonnes),1,2025-26,484,1970-71,89,56
3,Agriculture,کشاورزی,Production of Important Fruit > Apricot (000 tonnes),Apricot (000 tonnes),1,2025-26,169,1970-71,19,56
3,Agriculture,کشاورزی,Production of Important Fruit > Almonds (000 tonnes),Almonds (000 tonnes),1,2025-26,17,1971-72,15,55
3,Agriculture,کشاورزی,Production of Important Fruit > Grapes (000 tonnes),Grapes (000 tonnes),1,2025-26,168,1970-71,24,56
3,Agriculture,کشاورزی,Production of Important Fruit > Guava (000 tonnes),Guava (000 tonnes),1,2025-26,942,1970-71,88,56
3,Agriculture,کشاورزی,Export of Fruit (000 tonnes),Export of Fruit (000 tonnes),0,2025-26,485,1975-76,66,51
3,Agriculture,کشاورزی,Export of Fruit Value (Mln. Rs),Export of Fruit Value (Mln. Rs),0,2025-26,73270,1975-76,111,51
3,Agriculture,کشاورزی,Crop Wise Composition - Food Crops (% Share),Crop Wise Composition - Food Crops (% Share),0,2025-26,70.79,2004-05,61.55,22
3,Agriculture,کشاورزی,Crop Wise Composition - Food Crops (% Share) > Wheat (% Share),Wheat (% Share),1,2025-26,44.49,1990-91,31.36,33
3,Agriculture,کشاورزی,Crop Wise Composition - Food Crops (% Share) > Maize (% Share),Maize (% Share),1,2025-26,13.4,1990-91,3.08,33
3,Agriculture,کشاورزی,Crop Wise Composition - Food Crops (% Share) > Rice (% Share),Rice (% Share),1,2025-26,12.9,1990-91,13.52,33
3,Agriculture,کشاورزی,Crop Wise Composition - Cash Crop (% Share),Crop Wise Composition - Cash Crop (% Share),0,2025-26,18.74,2004-05,0.31,22
3,Agriculture,کشاورزی,Crop Wise Composition - Cash Crop (% Share) > Sugarcane (% Share),Sugarcane (% Share),1,2025-26,18.74,1990-91,16.71,33
3,Agriculture,کشاورزی,Crop Wise Composition - Fibre Crop (% Share),Crop Wise Composition - Fibre Crop (% Share),0,2025-26,10.47,2004-05,3.73,22
3,Agriculture,کشاورزی,Crop Wise Composition - Fibre Crop (% Share) > Cotton (% Share),Cotton (% Share),1,2025-26,10.47,1990-91,27.8,33
3,Agriculture,کشاورزی,Credit Disbursed by Agencies,Credit Disbursed by Agencies,0,,,,,0
3,Agriculture,کشاورزی,Credit Disbursed by Agencies > ZTBL (Rs million),ZTBL (Rs million),1,2025-26,70430,1970-71,92.7,56
3,Agriculture,کشاورزی,Credit Disbursed by Agencies > DPBs (Rs million),DPBs (Rs million),1,2025-26,620550,2000-01,592.82,26
3,Agriculture,کشاورزی,Credit Disbursed by Agencies > PPCBL (Rs million),PPCBL (Rs million),1,2025-26,6116,1970-71,10.2,42
3,Agriculture,کشاورزی,Credit Disbursed by Agencies > Commercial Banks (Rs million),Commercial Banks (Rs million),1,2025-26,1052159,1970-71,55.48,42
3,Agriculture,کشاورزی,Credit Disbursed by Agencies > MFBs (Rs million),MFBs (Rs million),1,2025-26,209735,1972-73,85.7,33
3,Agriculture,کشاورزی,Credit Disbursed by Agencies > Islamic Banks (Rs million),Islamic Banks (Rs million),1,2025-26,181040,2013-14,1527,13
3,Agriculture,کشاورزی,Credit Disbursed by Agencies > MFIs/RSPs (Rs million),MFIs/RSPs (Rs million),1,2025-26,21616,2016-17,19930,10
3,Agriculture,کشاورزی,Credit Disbursed by Agencies > Total (Rs million),Total (Rs million),1,2025-26,2161644,1970-71,158.38,42
3,Agriculture,کشاورزی,Fertilizer Offtake,Fertilizer Offtake,0,,,,,0
3,Agriculture,کشاورزی,Fertilizer Offtake > Nitrogen (000 N/Tonnes),Nitrogen (000 N/Tonnes),1,2025-26,3035,1970-71,251.52,56
3,Agriculture,کشاورزی,Fertilizer Offtake > Phosphorus (000 N/Tonnes),Phosphorus (000 N/Tonnes),1,2025-26,712,1970-71,30.45,56
3,Agriculture,کشاورزی,Fertilizer Offtake > Potash (000 N/Tonnes),Potash (000 N/Tonnes),1,2025-26,48,1970-71,1.24,56
3,Agriculture,کشاورزی,Fertilizer Offtake > Total (000 N/Tonnes),Total (000 N/Tonnes),1,2025-26,3795,1970-71,283.21,56
3,Agriculture,کشاورزی,Import of Fertilizers (000 N/Tonnes),Import of Fertilizers (000 N/Tonnes),0,2025-26,335,1973-74,335.5,53
3,Agriculture,کشاورزی,Import of Insecticides,Import of Insecticides,0,,,,,0
3,Agriculture,کشاورزی,Import of Insecticides > Quantity (Tonnes),Quantity (Tonnes),1,2025-26,32602,1970-71,2248,56
3,Agriculture,کشاورزی,Import of Insecticides > Value (Mln Rs.),Value (Mln Rs.),1,2025-26,42273,1970-71,41.77,56
3,Agriculture,کشاورزی,Average Retail Sale Prices of Fertilizers,Average Retail Sale Prices of Fertilizers,0,,,,,0
3,Agriculture,کشاورزی,Average Retail Sale Prices of Fertilizers > Urea (Rs per bag of 50 Kgs),Urea (Rs per bag of 50 Kgs),1,2025-26,4327,1970-71,26,55
3,Agriculture,کشاورزی,Average Retail Sale Prices of Fertilizers > AN/CAN (Rs per bag of 50 Kgs),AN/CAN (Rs per bag of 50 Kgs),1,2025-26,4020,1970-71,13,55
3,Agriculture,کشاورزی,Average Retail Sale Prices of Fertilizers > AS (Rs per bag of 50 Kgs),AS (Rs per bag of 50 Kgs),1,2010-11,1124,1970-71,13,40
3,Agriculture,کشاورزی,Average Retail Sale Prices of Fertilizers > NP (Rs per bag of 50 Kgs),NP (Rs per bag of 50 Kgs),1,2025-26,8843,1974-75,55,52
3,Agriculture,کشاورزی,Average Retail Sale Prices of Fertilizers > SSP(G) (Rs per bag of 50 Kgs),SSP(G) (Rs per bag of 50 Kgs),1,2025-26,3256,1970-71,9.5,54
3,Agriculture,کشاورزی,Average Retail Sale Prices of Fertilizers > DAP (Rs per bag of 50 Kgs),DAP (Rs per bag of 50 Kgs),1,2025-26,14075,1970-71,28,55
3,Agriculture,کشاورزی,Average Retail Sale Prices of Fertilizers > SOP (Rs per bag of 50 Kgs),SOP (Rs per bag of 50 Kgs),1,2025-26,12130,1970-71,20,55
3,Agriculture,کشاورزی,Area Irrigated by,Area Irrigated by,0,,,,,0
3,Agriculture,کشاورزی,Area Irrigated by > Canals (million hectares),Canals (million hectares),1,2025-26,5.65,1970-71,6.69,56
3,Agriculture,کشاورزی,Area Irrigated by > Wells (million hectares),Wells (million hectares),1,2025-26,0.25,1970-71,1.29,56
3,Agriculture,کشاورزی,Area Irrigated by > Canal Wells (million hectares),Canal Wells (million hectares),1,2025-26,0.23,1982-83,0.07,44
3,Agriculture,کشاورزی,Area Irrigated by > Tubewells (million hectares),Tubewells (million hectares),1,2025-26,4.15,1970-71,2.25,56
3,Agriculture,کشاورزی,Area Irrigated by > Canal Tubewells (million hectares),Canal Tubewells (million hectares),1,2025-26,8.71,1982-83,4.53,44
3,Agriculture,کشاورزی,Area Irrigated by > Others (million hectares),Others (million hectares),1,2025-26,0.2,1970-71,0.35,56
3,Agriculture,کشاورزی,Area Irrigated by > Total (million hectares),Total (million hectares),1,2025-26,19.19,1970-71,10.59,56
3,Agriculture,کشاورزی,Procurement/Support Prices of Wheat (Rs per 40 Kg),Procurement/Support Prices of Wheat (Rs per 40 Kg),0,2023-24,3900,1970-71,18.22,54
3,Agriculture,کشاورزی,Procurement/Support Prices of Rice,Procurement/Support Prices of Rice,0,,,,,0
3,Agriculture,کشاورزی,Procurement/Support Prices of Rice > Basmati 385 (Rs per 40 Kg),Basmati 385 (Rs per 40 Kg),1,2008-09,2500,1970-71,34.3,28
3,Agriculture,کشاورزی,Procurement/Support Prices of Rice > Irri-6 (F.A.Q) (Rs per 40 Kg),Irri-6 (F.A.Q) (Rs per 40 Kg),1,2008-09,1400,1970-71,22.4,28
3,Agriculture,کشاورزی,Procurement/Support Prices of Paddy,Procurement/Support Prices of Paddy,0,,,,,0
3,Agriculture,کشاورزی,Procurement/Support Prices of Paddy > Basmati 385 (Rs per 40 Kg),Basmati 385 (Rs per 40 Kg),1,2009-10,1000,1975-76,47.8,33
3,Agriculture,کشاورزی,Procurement/Support Prices of Paddy > Basmati Super 2000 (Rs per 40 Kg),Basmati Super 2000 (Rs per 40 Kg),1,2009-10,1250,2004-05,510,4
3,Agriculture,کشاورزی,Procurement/Support Prices of Paddy > Irri-6 (Rs per 40 Kg),Irri-6 (Rs per 40 Kg),1,2009-10,600,1975-76,26.79,34
3,Agriculture,کشاورزی,Procurement/Support Prices of Sugarcane (at factory gate),Procurement/Support Prices of Sugarcane (at factory gate),0,,,,,0
3,Agriculture,کشاورزی,Procurement/Support Prices of Sugarcane (at factory gate) > Khyber Pakhtunkhwa (Rs per 40 Kg),Khyber Pakhtunkhwa (Rs per 40 Kg),1,2024-25,400,1970-71,2.41,53
3,Agriculture,کشاورزی,Procurement/Support Prices of Sugarcane (at factory gate) > Punjab (Rs per 40 Kg),Punjab (Rs per 40 Kg),1,2024-25,400,1970-71,2.95,53
3,Agriculture,کشاورزی,Procurement/Support Prices of Sugarcane (at factory gate) > Sindh (Rs per 40 Kg),Sindh (Rs per 40 Kg),1,2024-25,425,1970-71,3.11,53
3,Agriculture,کشاورزی,Procurement/Support Prices of Sugarcane (at factory gate) > Balochistan (Rs per 40 Kg),Balochistan (Rs per 40 Kg),1,2004-05,43,1991-92,17,12
3,Agriculture,کشاورزی,Procurement/Support Prices of Seed Cotton (Phutti),Procurement/Support Prices of Seed Cotton (Phutti),0,,,,,0
3,Agriculture,کشاورزی,Procurement/Support Prices of Seed Cotton (Phutti) > B-557 149-F (Rs per 40 Kg),B-557 149-F (Rs per 40 Kg),1,2024-25,8500,1976-77,482.26,29
3,Agriculture,کشاورزی,Procurement (000 tonnes),Procurement (000 tonnes),0,2025-26,0,1970-71,1000.8,56
3,Agriculture,کشاورزی,Releases (May-April) (000 tonnes),Releases (May-April) (000 tonnes),0,2025-26,2130.5,1972-73,1563,51
3,Agriculture,کشاورزی,Stocks as on 1st May (000 tonnes),Stocks as on 1st May (000 tonnes),0,2025-26,3320.1,1975-76,217,51
3,Agriculture,کشاورزی,Livestock population,Livestock population,0,,,,,0
3,Agriculture,کشاورزی,Livestock population > Buffalo (million numbers),Buffalo (million numbers),1,2025-26,49.1,1970-71,9.7,56
3,Agriculture,کشاورزی,Livestock population > Cattle (million numbers),Cattle (million numbers),1,2025-26,62,1970-71,14.8,56
3,Agriculture,کشاورزی,Livestock population > Goat (million numbers),Goat (million numbers),1,2025-26,91.8,1970-71,15,56
3,Agriculture,کشاورزی,Livestock population > Sheep (million numbers),Sheep (million numbers),1,2025-26,33.5,1970-71,13.6,56
3,Agriculture,کشاورزی,Livestock population > Poultry (million numbers),Poultry (million numbers),1,2025-26,2474,1971-72,24.3,53
3,Agriculture,کشاورزی,Livestock population > Camels (million numbers),Camels (million numbers),1,2025-26,1.2,1970-71,0.7,56
3,Agriculture,کشاورزی,Livestock population > Asses (million numbers),Asses (million numbers),1,2025-26,6.2,1970-71,1.9,56
3,Agriculture,کشاورزی,Livestock population > Horses (million numbers),Horses (million numbers),1,2025-26,0.4,1970-71,0.3,56
3,Agriculture,کشاورزی,Livestock population > Mules (million numbers),Mules (million numbers),1,2025-26,0.2,1970-71,0.1,56
3,Agriculture,کشاورزی,Livestock products,Livestock products,0,,,,,0
3,Agriculture,کشاورزی,Livestock products > Milk (000 Tonnes),Milk (000 Tonnes),1,2025-26,60185,1971-72,7800,55
3,Agriculture,کشاورزی,Livestock products > Beef (000 Tonnes),Beef (000 Tonnes),1,2025-26,2634,1971-72,346,55
3,Agriculture,کشاورزی,Livestock products > Mutton (000 Tonnes),Mutton (000 Tonnes),1,2025-26,854,1971-72,208,55
3,Agriculture,کشاورزی,Livestock products > Poultry Meat (000 Tonnes),Poultry Meat (000 Tonnes),1,2025-26,2826,1971-72,14,55
3,Agriculture,کشاورزی,Livestock products > Wool (000 Tonnes),Wool (000 Tonnes),1,2025-26,50.8,1971-72,22.1,55
3,Agriculture,کشاورزی,Livestock products > Hair (000 Tonnes),Hair (000 Tonnes),1,2025-26,34.5,1971-72,2.9,55
3,Agriculture,کشاورزی,Livestock products > Bones (000 Tonnes),Bones (000 Tonnes),1,2025-26,1129.1,1971-72,152,55
3,Agriculture,کشاورزی,Livestock products > Fats (000 Tonnes),Fats (000 Tonnes),1,2025-26,356.1,1971-72,45.8,55
3,Agriculture,کشاورزی,Livestock products > Blood (000 Tonnes),Blood (000 Tonnes),1,2025-26,84.6,1971-72,14.2,55
3,Agriculture,کشاورزی,Livestock products > Eggs (Mln.Nos.),Eggs (Mln.Nos.),1,2025-26,28279,1971-72,583,55
3,Agriculture,کشاورزی,Livestock products > Hides (Mln.Nos.),Hides (Mln.Nos.),1,2025-26,21.4,1971-72,4.3,55
3,Agriculture,کشاورزی,Livestock products > Skins (Mln.Nos.),Skins (Mln.Nos.),1,2025-26,68.3,1971-72,16.4,55
4,Manufacturing and Mining,صنعت و معدن,Mining and Quarrying,Mining and Quarrying,0,,,,,0
4,Manufacturing and Mining,صنعت و معدن,Mining and Quarrying > Antimony (tonnes),Antimony (tonnes),1,2024-25,984,1970-71,184,37
4,Manufacturing and Mining,صنعت و معدن,Mining and Quarrying > Argonite/Marble (000 tonnes),Argonite/Marble (000 tonnes),1,2024-25,8287,1970-71,23,55
4,Manufacturing and Mining,صنعت و معدن,Mining and Quarrying > China Clay 000 tons),China Clay 000 tons),1,2024-25,13,1970-71,8,53
4,Manufacturing and Mining,صنعت و معدن,Mining and Quarrying > Celestite (tonnes),Celestite (tonnes),1,2024-25,246,1970-71,486,42
4,Manufacturing and Mining,صنعت و معدن,Mining and Quarrying > Chromite (000 tonnes),Chromite (000 tonnes),1,2022-23,156,1970-71,27,53
4,Manufacturing and Mining,صنعت و معدن,Mining and Quarrying > Coal (000 tonnes),Coal (000 tonnes),1,2024-25,18523,1970-71,1324,55
4,Manufacturing and Mining,صنعت و معدن,Mining and Quarrying > Dolomite (tonnes),Dolomite (tonnes),1,2024-25,776326,1970-71,1449,55
4,Manufacturing and Mining,صنعت و معدن,Mining and Quarrying > Fire Clay (000 tonnes),Fire Clay (000 tonnes),1,2024-25,1065,1970-71,28,55
4,Manufacturing and Mining,صنعت و معدن,Mining and Quarrying > Fullers Earth (000 tonnes),Fullers Earth (000 tonnes),1,2024-25,12,1970-71,14,55
4,Manufacturing and Mining,صنعت و معدن,Mining and Quarrying > Gypsum Anhydrite (000 tonnes),Gypsum Anhydrite (000 tonnes),1,2024-25,1816,1970-71,167,55
4,Manufacturing and Mining,صنعت و معدن,Mining and Quarrying > Lime Stone (000 tonnes),Lime Stone (000 tonnes),1,2024-25,65151,1970-71,2897,55
4,Manufacturing and Mining,صنعت و معدن,Mining and Quarrying > Magnesite (tonnes),Magnesite (tonnes),1,2024-25,1234,1970-71,648,55
4,Manufacturing and Mining,صنعت و معدن,Mining and Quarrying > Rock Salt (000 tonnes),Rock Salt (000 tonnes),1,2024-25,2900,1970-71,350,55
4,Manufacturing and Mining,صنعت و معدن,Mining and Quarrying > Silica Sand (000 tonnes),Silica Sand (000 tonnes),1,2024-25,516,1970-71,35,55
4,Manufacturing and Mining,صنعت و معدن,Mining and Quarrying > Ochre (tonnes),Ochre (tonnes),1,2024-25,99385,1970-71,2750,55
4,Manufacturing and Mining,صنعت و معدن,Mining and Quarrying > Sulphur (tonnes),Sulphur (tonnes),1,2024-25,35145,1971-72,2347,54
4,Manufacturing and Mining,صنعت و معدن,Mining and Quarrying > Soap Stone (000 tonnes),Soap Stone (000 tonnes),1,2024-25,374,1970-71,4,55
4,Manufacturing and Mining,صنعت و معدن,Mining and Quarrying > Baryte (000 tonnes),Baryte (000 tonnes),1,2024-25,127,1970-71,3,55
4,Manufacturing and Mining,صنعت و معدن,Mining and Quarrying > Bauxite/Laterite Laterite (tonnes),Bauxite/Laterite Laterite (tonnes),1,2024-25,565090,1970-71,337,55
4,Manufacturing and Mining,صنعت و معدن,Mining and Quarrying > Iron Ore (tonnes),Iron Ore (tonnes),1,2024-25,617630,1985-86,4860,40
4,Manufacturing and Mining,صنعت و معدن,Mining and Quarrying > Crude Oil (m. barrels),Crude Oil (m. barrels),1,2024-25,22.78,1970-71,3.32,55
4,Manufacturing and Mining,صنعت و معدن,Mining and Quarrying > Natural Gas (000 m.cu.mtr.),Natural Gas (000 m.cu.mtr.),1,2024-25,29.82,1970-71,3.1,55
4,Manufacturing and Mining,صنعت و معدن,Mining Index,Mining Index,0,2024-25,128.57,1990-91,275.2,35
4,Manufacturing and Mining,صنعت و معدن,Large Scale Manufacturing Index,Large Scale Manufacturing Index,0,2024-25,114.83,1990-91,202.5,35
4,Manufacturing and Mining,صنعت و معدن,Cotton Textile,Cotton Textile,0,,,,,0
4,Manufacturing and Mining,صنعت و معدن,Cotton Textile > Number of Mills,Number of Mills,1,2024-25,408,1970-71,113,55
4,Manufacturing and Mining,صنعت و معدن,Cotton Textile > Installed Capacity - No. of Spindles (000),Installed Capacity - No. of Spindles (000),1,2024-25,13409,1970-71,2605,55
4,Manufacturing and Mining,صنعت و معدن,Cotton Textile > Installed Capacity - No. of Looms (000),Installed Capacity - No. of Looms (000),1,2024-25,9,1970-71,30,55
4,Manufacturing and Mining,صنعت و معدن,Cotton Textile > Working at the End of the Period - No. of Spindles (000),Working at the End of the Period - No. of Spindles (000),1,2024-25,9500,1970-71,2491,55
4,Manufacturing and Mining,صنعت و معدن,Cotton Textile > Working at the End of the Period - No. of Looms (000),Working at the End of the Period - No. of Looms (000),1,2024-25,6.6,1970-71,27,55
4,Manufacturing and Mining,صنعت و معدن,Cotton Textile > Spindle Hours Worked (Million),Spindle Hours Worked (Million),1,2024-25,53156,1970-71,18505,55
4,Manufacturing and Mining,صنعت و معدن,Cotton Textile > Loom Hours Worked (Million),Loom Hours Worked (Million),1,2024-25,16.81,1970-71,202.8,55
4,Manufacturing and Mining,صنعت و معدن,Cotton Textile > Consumption of Cotton (mln kg),Consumption of Cotton (mln kg),1,2024-25,1578.1,1970-71,360,55
4,Manufacturing and Mining,صنعت و معدن,Cotton Textile > Total yarn Produced (mln kg),Total yarn Produced (mln kg),1,2025-26,2024.1,1970-71,303.8,56
4,Manufacturing and Mining,صنعت و معدن,Cotton Textile > Surplus Yarn (mln. kg),Surplus Yarn (mln. kg),1,2024-25,1705.5,1970-71,205.4,55
4,Manufacturing and Mining,صنعت و معدن,Cotton Textile > Total Production of Cloth (mln. Sq mtr.),Total Production of Cloth (mln. Sq mtr.),1,2025-26,659.1,1970-71,658.3,56
4,Manufacturing and Mining,صنعت و معدن,Large Scale Manufacturing,Large Scale Manufacturing,0,,,,,0
4,Manufacturing and Mining,صنعت و معدن,Large Scale Manufacturing > Fertilizer - Urea (000 tonnes),Fertilizer - Urea (000 tonnes),1,2024-25,6771.48,1970-71,204.8,55
4,Manufacturing and Mining,صنعت و معدن,Large Scale Manufacturing > Fertilizer - Super Phosphate (000 tonnes),Fertilizer - Super Phosphate (000 tonnes),1,2024-25,82.47,1970-71,25.4,55
4,Manufacturing and Mining,صنعت و معدن,Large Scale Manufacturing > Fertilizer - Ammonium Nitrate (000 tonnes),Fertilizer - Ammonium Nitrate (000 tonnes),1,2024-25,856.07,1970-71,85,55
4,Manufacturing and Mining,صنعت و معدن,Large Scale Manufacturing > Fertilizer - Dia-Ammonium Phosphate (000 tonnes),Fertilizer - Dia-Ammonium Phosphate (000 tonnes),1,2024-25,844.1,1970-71,59.6,50
4,Manufacturing and Mining,صنعت و معدن,Large Scale Manufacturing > Fertilizer - Nitro Phosphate (000 tonnes),Fertilizer - Nitro Phosphate (000 tonnes),1,2024-25,849,1978-79,40.4,47
4,Manufacturing and Mining,صنعت و معدن,Large Scale Manufacturing > Vegetable Ghee (000 tonnes),Vegetable Ghee (000 tonnes),1,2024-25,1477,1970-71,136,55
4,Manufacturing and Mining,صنعت و معدن,Large Scale Manufacturing > Sugar (000 tonnes),Sugar (000 tonnes),1,2024-25,5824,1970-71,519,55
4,Manufacturing and Mining,صنعت و معدن,Large Scale Manufacturing > Cement (000 tonnes),Cement (000 tonnes),1,2024-25,37779,1970-71,2702,55
4,Manufacturing and Mining,صنعت و معدن,Large Scale Manufacturing > Food and Tobacco - Beverages (000 litres),Food and Tobacco - Beverages (000 litres),1,2024-25,3418,1970-71,12473,55
4,Manufacturing and Mining,صنعت و معدن,Large Scale Manufacturing > Food and Tobacco - Cigarettes (Million Nos),Food and Tobacco - Cigarettes (Million Nos),1,2024-25,35225,1970-71,24166,55
4,Manufacturing and Mining,صنعت و معدن,Large Scale Manufacturing > Jute Textiles (000 tonnes),Jute Textiles (000 tonnes),1,2024-25,29,1970-71,37.6,55
4,Manufacturing and Mining,صنعت و معدن,Large Scale Manufacturing > Rubber - Motor Tyres (000 Nos),Rubber - Motor Tyres (000 Nos),1,2024-25,7327,1970-71,115,55
4,Manufacturing and Mining,صنعت و معدن,Large Scale Manufacturing > Rubber - Motor Tubes (000 Nos),Rubber - Motor Tubes (000 Nos),1,2024-25,24450.1,1970-71,126,55
4,Manufacturing and Mining,صنعت و معدن,Large Scale Manufacturing > Rubber - Cycle Tyres (000 Nos),Rubber - Cycle Tyres (000 Nos),1,2024-25,4694,1970-71,2745,55
4,Manufacturing and Mining,صنعت و معدن,Large Scale Manufacturing > Rubber - Cycle Tubes (000 Nos),Rubber - Cycle Tubes (000 Nos),1,2024-25,7152,1970-71,3798,55
4,Manufacturing and Mining,صنعت و معدن,Large Scale Manufacturing > Chemical - Soda Ash (000 tonnes),Chemical - Soda Ash (000 tonnes),1,2024-25,699.5,1970-71,78,55
4,Manufacturing and Mining,صنعت و معدن,Large Scale Manufacturing > Chemical - Sulphuric Acid (000 tonnes),Chemical - Sulphuric Acid (000 tonnes),1,2024-25,49.3,1970-71,33.6,55
4,Manufacturing and Mining,صنعت و معدن,Large Scale Manufacturing > Chemical - Caustic Soda (000 tonnes),Chemical - Caustic Soda (000 tonnes),1,2024-25,452.5,1970-71,31.2,55
4,Manufacturing and Mining,صنعت و معدن,Large Scale Manufacturing > Chemical - Chlorine Gas (000 tonnes),Chemical - Chlorine Gas (000 tonnes),1,2024-25,16.7,1970-71,4.6,55
4,Manufacturing and Mining,صنعت و معدن,Large Scale Manufacturing > Chemical - Paints & Varnishes (tonnes),Chemical - Paints & Varnishes (tonnes),1,2024-25,87110,1970-71,3817,55
4,Manufacturing and Mining,صنعت و معدن,Large Scale Manufacturing > Chemical - Polishes & Creams for Footwear (mln. grams),Chemical - Polishes & Creams for Footwear (mln. grams),1,2024-25,1077.8,1970-71,498.1,55
4,Manufacturing and Mining,صنعت و معدن,"Large Scale Manufacturing > Transport, Machinery & Electrical Appliances - Bicycles (000 Nos.)","Transport, Machinery & Electrical Appliances - Bicycles (000 Nos.)",1,2024-25,170.2,1970-71,159.7,55
4,Manufacturing and Mining,صنعت و معدن,"Large Scale Manufacturing > Transport, Machinery & Electrical Appliances - Sewing Machines (000 Nos.)","Transport, Machinery & Electrical Appliances - Sewing Machines (000 Nos.)",1,2024-25,3.1,1970-71,84.6,55
4,Manufacturing and Mining,صنعت و معدن,"Large Scale Manufacturing > Transport, Machinery & Electrical Appliances - Total TV Sets (000 Nos.)","Transport, Machinery & Electrical Appliances - Total TV Sets (000 Nos.)",1,2024-25,135.9,1970-71,215.7,53
4,Manufacturing and Mining,صنعت و معدن,Large Scale Manufacturing > Electrical Appliances - Electric Bulbs (Mln.Nos),Electrical Appliances - Electric Bulbs (Mln.Nos),1,2024-25,2.07,1990-91,49.3,35
4,Manufacturing and Mining,صنعت و معدن,Large Scale Manufacturing > Electrical Appliances - Electric Tubes (000 metres),Electrical Appliances - Electric Tubes (000 metres),1,2011-12,1266,1990-91,7728,22
4,Manufacturing and Mining,صنعت و معدن,Large Scale Manufacturing > Paper & Board - Paper Board (000 tonnes),Paper & Board - Paper Board (000 tonnes),1,2024-25,434.2,1990-91,88.6,35
4,Manufacturing and Mining,صنعت و معدن,Large Scale Manufacturing > Paper & Board - Paper (All Types) (000 tonnes),Paper & Board - Paper (All Types) (000 tonnes),1,2024-25,355.51,1990-91,64.2,35
4,Manufacturing and Mining,صنعت و معدن,Large Scale Manufacturing > Steel Products - Coke (000 tonnes),Steel Products - Coke (000 tonnes),1,2024-25,0,1990-91,723.6,35
4,Manufacturing and Mining,صنعت و معدن,Large Scale Manufacturing > Steel Products - Pig Iron (000 tonnes),Steel Products - Pig Iron (000 tonnes),1,2024-25,0,1990-91,1073.9,35
4,Manufacturing and Mining,صنعت و معدن,Large Scale Manufacturing > Steel Products - Billets (000 tonnes),Steel Products - Billets (000 tonnes),1,2024-25,3840,1990-91,330,35
4,Manufacturing and Mining,صنعت و معدن,Large Scale Manufacturing > Cotton Yarn (% Growth),Cotton Yarn (% Growth),1,2024-25,7.59,1980-81,3.33,45
4,Manufacturing and Mining,صنعت و معدن,Large Scale Manufacturing > Cotton Cloth (% Growth),Cotton Cloth (% Growth),1,2024-25,0.68,1980-81,-10.06,45
4,Manufacturing and Mining,صنعت و معدن,Large Scale Manufacturing > Jute Goods (% Growth),Jute Goods (% Growth),1,2024-25,-28.28,1980-81,20.1,45
4,Manufacturing and Mining,صنعت و معدن,Large Scale Manufacturing > Veg.Ghee (% Growth),Veg.Ghee (% Growth),1,2024-25,-0.94,1980-81,11.73,45
4,Manufacturing and Mining,صنعت و معدن,Large Scale Manufacturing > Cigarettes (% Growth),Cigarettes (% Growth),1,2024-25,6.99,1980-81,3.59,45
4,Manufacturing and Mining,صنعت و معدن,Large Scale Manufacturing > Fertilizers (% Growth),Fertilizers (% Growth),1,2024-25,1.69,1980-81,36.4,45
4,Manufacturing and Mining,صنعت و معدن,Large Scale Manufacturing > Cement (% Growth),Cement (% Growth),1,2024-25,-4.52,1980-81,5.83,45
4,Manufacturing and Mining,صنعت و معدن,Large Scale Manufacturing > Soda Ash (% Growth),Soda Ash (% Growth),1,2024-25,-10.93,1980-81,21.41,45
4,Manufacturing and Mining,صنعت و معدن,Large Scale Manufacturing > Caustic Soda (% Growth),Caustic Soda (% Growth),1,2024-25,-9.01,1980-81,-3.51,45
4,Manufacturing and Mining,صنعت و معدن,Large Scale Manufacturing > Sugar (% Growth),Sugar (% Growth),1,2024-25,-14.3,1980-81,45.22,45
5,Fiscal Development,توسعه مالی/بودجه,Total Revenues (Rs.Million),Total Revenues (Rs.Million),0,2024-25,17997486,1975-76,19264,50
5,Fiscal Development,توسعه مالی/بودجه,Total Revenues (Rs.Million) > Federal Revenues (Rs.Million),Federal Revenues (Rs.Million),1,2024-25,16705273,1981-82,39305,44
5,Fiscal Development,توسعه مالی/بودجه,Total Revenues (Rs.Million) > Provincial Revenues (Rs.Million),Provincial Revenues (Rs.Million),1,2024-25,1292212,1981-82,12625,44
5,Fiscal Development,توسعه مالی/بودجه,Tax Revenues (Rs.Million),Tax Revenues (Rs.Million),0,2024-25,12722909,1975-76,15544,50
5,Fiscal Development,توسعه مالی/بودجه,Tax Revenues (Rs.Million) > Federal Tax Revenues (Rs.Million),Federal Tax Revenues (Rs.Million),1,2024-25,11744288,1981-82,40368,44
5,Fiscal Development,توسعه مالی/بودجه,Tax Revenues (Rs.Million) > Provincial Tax Revenues (Rs.Million),Provincial Tax Revenues (Rs.Million),1,2024-25,978621,1981-82,2635,44
5,Fiscal Development,توسعه مالی/بودجه,Non Tax Revenues (Rs.Million),Non Tax Revenues (Rs.Million),0,2024-25,5274576,1975-76,3720,50
5,Fiscal Development,توسعه مالی/بودجه,Non Tax Revenues (Rs.Million) > Federal Non Tax Revenues (Rs.Million),Federal Non Tax Revenues (Rs.Million),1,2024-25,4960985,1981-82,8169,43
5,Fiscal Development,توسعه مالی/بودجه,Non Tax Revenues (Rs.Million) > Provincial Non Tax Revenues (Rs.Million),Provincial Non Tax Revenues (Rs.Million),1,2024-25,313591,1981-82,758,43
5,Fiscal Development,توسعه مالی/بودجه,Revenue Surplus of autonomous bodies,Revenue Surplus of autonomous bodies,0,1990-91,7920,1975-76,585,16
5,Fiscal Development,توسعه مالی/بودجه,Total Expenditures(Rs.Million),Total Expenditures(Rs.Million),0,2024-25,24494340,1975-76,32329,50
5,Fiscal Development,توسعه مالی/بودجه,Total Expenditures(Rs.Million) > Current Expenditures (Rs.Million),Current Expenditures (Rs.Million),1,2024-25,21528585,1975-76,18925,50
5,Fiscal Development,توسعه مالی/بودجه,Total Expenditures(Rs.Million) > Current Expenditures (Rs.Million) > Federal Current Expenditures (Rs.Million),Federal Current Expenditures (Rs.Million),2,2024-25,15695671,1981-82,36055,43
5,Fiscal Development,توسعه مالی/بودجه,Total Expenditures(Rs.Million) > Current Expenditures (Rs.Million) > Provincial Current Expenditures (Rs.Million),Provincial Current Expenditures (Rs.Million),2,2024-25,5832914,1981-82,10315,43
5,Fiscal Development,توسعه مالی/بودجه,Total Expenditures(Rs.Million) > Development (Rs.Million),Development (Rs.Million),1,2024-25,2983402,1975-76,13404,50
5,Fiscal Development,توسعه مالی/بودجه,Total Expenditures(Rs.Million) > Net Lending to PSEs (Rs.Million),Net Lending to PSEs (Rs.Million),1,2024-25,-17647,1991-92,14934,34
5,Fiscal Development,توسعه مالی/بودجه,Total Expenditures(Rs.Million) > Statistical Discrepency (Rs.Million),Statistical Discrepency (Rs.Million),1,2024-25,-328839,1999-00,9700,26
5,Fiscal Development,توسعه مالی/بودجه,Fiscal Balance (Rs.Million),Fiscal Balance (Rs.Million),0,2024-25,-6168015,1975-76,-12480,50
5,Fiscal Development,توسعه مالی/بودجه,Financing (net)(Rs.Million),Financing (net)(Rs.Million),0,2024-25,7089471,1975-76,12480,50
5,Fiscal Development,توسعه مالی/بودجه,Financing (net)(Rs.Million) > External Financing(net) (Rs.Million),External Financing(net) (Rs.Million),1,2024-25,618839,1975-76,6769,50
5,Fiscal Development,توسعه مالی/بودجه,Financing (net)(Rs.Million) > Domestic Financing (Rs.Million),Domestic Financing (Rs.Million),1,2024-25,5549176,1975-76,5711,50
5,Fiscal Development,توسعه مالی/بودجه,Financing (net)(Rs.Million) > Domestic Financing (Rs.Million) > Non-Bank Financing (Rs.Million),Non-Bank Financing (Rs.Million),2,2024-25,982185,1975-76,1810,50
5,Fiscal Development,توسعه مالی/بودجه,Financing (net)(Rs.Million) > Domestic Financing (Rs.Million) > Bank Financing (Rs.Million),Bank Financing (Rs.Million),2,2024-25,4566991,1975-76,3901,50
5,Fiscal Development,توسعه مالی/بودجه,Financing (net)(Rs.Million) > Domestic Financing (Rs.Million) > Privatization Proceeds Financing (Rs.Million),Privatization Proceeds Financing (Rs.Million),2,2023-24,1338,1990-91,0,27
5,Fiscal Development,توسعه مالی/بودجه,GDP(at Cuurent Market Prices) in Rs.million,GDP(at Cuurent Market Prices) in Rs.million,0,2024-25,114691813,1975-76,193872,50
5,Fiscal Development,توسعه مالی/بودجه,Total Revenue (% of GDP),Total Revenue (% of GDP),0,2024-25,15.7,1975-76,9.9,50
5,Fiscal Development,توسعه مالی/بودجه,Total Revenue (% of GDP) > Tax Revenue (% of GDP),Tax Revenue (% of GDP),1,2024-25,11.1,1975-76,8,50
5,Fiscal Development,توسعه مالی/بودجه,Total Revenue (% of GDP) > Non Tax Revenue (% of GDP),Non Tax Revenue (% of GDP),1,2024-25,4.6,1975-76,1.9,50
5,Fiscal Development,توسعه مالی/بودجه,Total Expenditures (% of GDP),Total Expenditures (% of GDP),0,2024-25,21.2,1975-76,16.7,50
5,Fiscal Development,توسعه مالی/بودجه,Total Expenditures (% of GDP) > Current Expenditures (% of GDP),Current Expenditures (% of GDP),1,2024-25,18.8,1975-76,9.8,50
5,Fiscal Development,توسعه مالی/بودجه,Total Expenditures (% of GDP) > Development Expenditures & net Lending (% of GDP),Development Expenditures & net Lending (% of GDP),1,2024-25,2.6,1975-76,6.9,50
5,Fiscal Development,توسعه مالی/بودجه,Fiscal Balance (% of GDP),Fiscal Balance (% of GDP),0,2024-25,-5.4,1975-76,-6.4,50
6,Money and Credit,پول و اعتبار,Broad Money (Rs Million),Broad Money (Rs Million),0,2024-25,40506309.69,1970-71,22092,55
6,Money and Credit,پول و اعتبار,Broad Money (Rs Million) > Currency in circulation (Rs Million),Currency in circulation (Rs Million),1,2024-25,10634483.15,1970-71,8157,55
6,Money and Credit,پول و اعتبار,Broad Money (Rs Million) > Currency in circulation (Rs Million) > Currency Issued (Rs Million),Currency Issued (Rs Million),2,2024-25,11279331.83,1970-71,8976,55
6,Money and Credit,پول و اعتبار,Broad Money (Rs Million) > Currency in circulation (Rs Million) > Currency held by SBP (Rs Million),Currency held by SBP (Rs Million),2,2024-25,484,1970-71,161,55
6,Money and Credit,پول و اعتبار,Broad Money (Rs Million) > Currency in circulation (Rs Million) > Currency in tills of Scheduled Banks (Rs Million),Currency in tills of Scheduled Banks (Rs Million),2,2024-25,644364.68,1970-71,658,55
6,Money and Credit,پول و اعتبار,Broad Money (Rs Million) > Other deposits with SBP (Rs Million),Other deposits with SBP (Rs Million),1,2024-25,57267.13433,1970-71,388,54
6,Money and Credit,پول و اعتبار,Broad Money (Rs Million) > Scheduled Banks Total Deposits (Rs Million),Scheduled Banks Total Deposits (Rs Million),1,2024-25,29814559.41,1970-71,14378,55
6,Money and Credit,پول و اعتبار,Broad Money (Rs Million) > Resident Foreign Currency Deposits (RFCD) (Rs Million),Resident Foreign Currency Deposits (RFCD) (Rs Million),1,2024-25,1690611.161,1990-91,9487,35
6,Money and Credit,پول و اعتبار,Broad Money Growth Rate (%),Broad Money Growth Rate (%),0,2024-25,12.88808107,1970-71,7.56,55
6,Money and Credit,پول و اعتبار,Memorandum,Memorandum,0,,,,,0
6,Money and Credit,پول و اعتبار,Currency / Money ratio,Currency / Money ratio,0,2024-25,26.25389286,1970-71,34.5,55
6,Money and Credit,پول و اعتبار,Demand Deposits / Money ratio,Demand Deposits / Money ratio,0,2024-25,68.00872397,1970-71,33.1,55
6,Money and Credit,پول و اعتبار,Time Deposits / Money ratio,Time Deposits / Money ratio,0,2024-25,1.42230656,1970-71,28.2,55
6,Money and Credit,پول و اعتبار,Other Deposits / Money ratio,Other Deposits / Money ratio,0,2024-25,0.141378306,1970-71,1.8,55
6,Money and Credit,پول و اعتبار,RFCD / Money ratio,RFCD / Money ratio,0,2024-25,4.2,1990-91,2.4,35
6,Money and Credit,پول و اعتبار,Foreign Assets (Rs Million),Foreign Assets (Rs Million),0,2024-25,464856.3752,1972-73,4891,53
6,Money and Credit,پول و اعتبار,Domestic Credit (Rs Million),Domestic Credit (Rs Million),0,2024-25,40041453.31,1972-73,22142,53
6,Money and Credit,پول و اعتبار,Domestic Credit (Rs Million) > Public Sector Borrowing (Rs Million),Public Sector Borrowing (Rs Million),1,2024-25,35119827.03,1972-73,14329,53
6,Money and Credit,پول و اعتبار,Domestic Credit (Rs Million) > Net Budgetary Support (Rs Million),Net Budgetary Support (Rs Million),1,2024-25,34078341.56,1972-73,23911,53
6,Money and Credit,پول و اعتبار,Domestic Credit (Rs Million) > Commodity Operations (Rs Million),Commodity Operations (Rs Million),1,2024-25,1066520.416,1972-73,-9582,53
6,Money and Credit,پول و اعتبار,Domestic Credit (Rs Million) > Zakat Fund etc. (Rs Million),Zakat Fund etc. (Rs Million),1,2024-25,-25034.9406,1979-80,-490,45
6,Money and Credit,پول و اعتبار,Domestic Credit (Rs Million) > Non-Government Sector (Rs Million),Non-Government Sector (Rs Million),1,2024-25,13011091.46,1972-73,15686,53
6,Money and Credit,پول و اعتبار,Domestic Credit (Rs Million) > Autonomous Bodies (Rs Million),Autonomous Bodies (Rs Million),1,2024-25,143431.328,1990-91,9374,35
6,Money and Credit,پول و اعتبار,Domestic Credit (Rs Million) > Net Credit to Private Sector & PSEs (Rs Million),Net Credit to Private Sector & PSEs (Rs Million),1,2024-25,12867660.13,1990-91,251588,35
6,Money and Credit,پول و اعتبار,Domestic Credit (Rs Million) > Private Sector (Rs Million),Private Sector (Rs Million),1,2024-25,9948705.581,1972-73,47503,53
6,Money and Credit,پول و اعتبار,Domestic Credit (Rs Million) > Public Sector Corp.(Rs Million),Public Sector Corp.(Rs Million),1,2024-25,1960943.11,1990-91,30526,35
6,Money and Credit,پول و اعتبار,Domestic Credit (Rs Million) > Counterpart Funds (Rs Million),Counterpart Funds (Rs Million),1,2024-25,-529.542475,1989-90,-508,36
6,Money and Credit,پول و اعتبار,Domestic Credit (Rs Million) > Other Items (Rs Million),Other Items (Rs Million),1,2024-25,-8088935.638,1972-73,-7485,53
6,Money and Credit,پول و اعتبار,"Foreign Assets (Rs Million), Changes Over the Year","Foreign Assets (Rs Million), Changes Over the Year",0,2024-25,1602824.58,1973-74,-1438,52
6,Money and Credit,پول و اعتبار,"Domestic Credit (Rs Million), Change over the year","Domestic Credit (Rs Million), Change over the year",0,2024-25,3021654.798,1973-74,5049,52
6,Money and Credit,پول و اعتبار,"Domestic Credit (Rs Million), Change over the year > Public Sector Borrowing (Rs Million), Change over the year","Public Sector Borrowing (Rs Million), Change over the year",1,2024-25,4040981.913,1973-74,1364,52
6,Money and Credit,پول و اعتبار,"Domestic Credit (Rs Million), Change over the year > Net Budgetary Support (Rs Million), Change over the year","Net Budgetary Support (Rs Million), Change over the year",1,2024-25,4354424.898,1973-74,508,52
6,Money and Credit,پول و اعتبار,"Domestic Credit (Rs Million), Change over the year > Commodity Operations (Rs Million), Change over the year","Commodity Operations (Rs Million), Change over the year",1,2024-25,-311800.0642,1973-74,856,52
6,Money and Credit,پول و اعتبار,"Domestic Credit (Rs Million), Change over the year > Zakat Fund etc. (Rs Million), Change over the year","Zakat Fund etc. (Rs Million), Change over the year",1,2024-25,-1642.921249,1973-74,0,52
6,Money and Credit,پول و اعتبار,"Domestic Credit (Rs Million), Change over the year > Non-Government Sector (Rs Million), Change over the year","Non-Government Sector (Rs Million), Change over the year",1,2024-25,1467667.687,1973-74,2853,51
6,Money and Credit,پول و اعتبار,"Domestic Credit (Rs Million), Change over the year > Autonomous Bodies (Rs Million), Change over the year","Autonomous Bodies (Rs Million), Change over the year",1,2024-25,-202545.864,1973-74,0,51
6,Money and Credit,پول و اعتبار,"Domestic Credit (Rs Million), Change over the year > Net Credit to Private Sector & PSEs (Rs Million), Change over the year","Net Credit to Private Sector & PSEs (Rs Million), Change over the year",1,2024-25,1670213.551,1973-74,0,51
6,Money and Credit,پول و اعتبار,"Domestic Credit (Rs Million), Change over the year > Private Sector (Rs Million), Change over the year","Private Sector (Rs Million), Change over the year",1,2024-25,1081852.465,1973-74,2812,52
6,Money and Credit,پول و اعتبار,"Domestic Credit (Rs Million), Change over the year > Public Sector Corp. (Rs Million), Change over the year","Public Sector Corp. (Rs Million), Change over the year",1,2024-25,115438.6339,1973-74,0,51
6,Money and Credit,پول و اعتبار,"Domestic Credit (Rs Million), Change over the year > Counterpart Funds (Rs Million), Change over the year","Counterpart Funds (Rs Million), Change over the year",1,2024-25,0.0895244,1973-74,0,52
6,Money and Credit,پول و اعتبار,"Domestic Credit (Rs Million), Change over the year > Other Items (Rs Million), Change over the year","Other Items (Rs Million), Change over the year",1,2024-25,-2486994.891,1973-74,832,52
6,Money and Credit,پول و اعتبار,Liabilities (Rs Million),Liabilities (Rs Million),0,,,,,0
6,Money and Credit,پول و اعتبار,"Liabilities (Rs Million) > Liabilities, Capital (paid-up) and Reserves (Rs Million)","Liabilities, Capital (paid-up) and Reserves (Rs Million)",1,2005-06,315414,1979-80,2335,27
6,Money and Credit,پول و اعتبار,"Liabilities (Rs Million) > Liabilities,Demand liabilities in Pakistan (Rs Million)","Liabilities,Demand liabilities in Pakistan (Rs Million)",1,,,,,0
6,Money and Credit,پول و اعتبار,Liabilities (Rs Million) > Inter-banks Demand Liabilities (Rs Million),Inter-banks Demand Liabilities (Rs Million),1,2005-06,28608,1970-71,716,36
6,Money and Credit,پول و اعتبار,"Liabilities (Rs Million) > Inter-banks Demand Liabilities (Rs Million) > Inter-banks Demand Liabilities, Borrowing (Rs Million)","Inter-banks Demand Liabilities, Borrowing (Rs Million)",2,2005-06,0,1970-71,244,36
6,Money and Credit,پول و اعتبار,"Liabilities (Rs Million) > Inter-banks Demand Liabilities (Rs Million) > Inter-banks Demand Liabilities, Deposits (Rs Million)","Inter-banks Demand Liabilities, Deposits (Rs Million)",2,2005-06,28608,1970-71,472,36
6,Money and Credit,پول و اعتبار,"Liabilities (Rs Million) > Liabilities,Deposits (General) (Rs Million)","Liabilities,Deposits (General) (Rs Million)",1,2005-06,1350011,1970-71,6345,36
6,Money and Credit,پول و اعتبار,"Liabilities (Rs Million) > Liabilities, Other Liabilities (Rs Million)","Liabilities, Other Liabilities (Rs Million)",1,2005-06,97266,1970-71,414,36
6,Money and Credit,پول و اعتبار,Liabilities (Rs Million) > Total Demand Liabilities (Rs Million),Total Demand Liabilities (Rs Million),1,2005-06,1475885,1970-71,7475,36
6,Money and Credit,پول و اعتبار,Time Liabilities in Pakistan (Rs Million),Time Liabilities in Pakistan (Rs Million),0,,,,,0
6,Money and Credit,پول و اعتبار,Time Liabilities in Pakistan (Rs Million) > Inter-banks Time Liabilities (Rs Million),Inter-banks Time Liabilities (Rs Million),1,2005-06,25759,1970-71,115,36
6,Money and Credit,پول و اعتبار,"Time Liabilities in Pakistan (Rs Million) > Inter-banks Time Liabilities (Rs Million) > Inter-banks Time Liabilities, Borrowing (Rs Million)","Inter-banks Time Liabilities, Borrowing (Rs Million)",2,2005-06,0,1970-71,24,36
6,Money and Credit,پول و اعتبار,"Time Liabilities in Pakistan (Rs Million) > Inter-banks Time Liabilities (Rs Million) > Inter-banks Time Liabilities, Deposits (Rs Million)","Inter-banks Time Liabilities, Deposits (Rs Million)",2,2005-06,25759,1970-71,92,36
6,Money and Credit,پول و اعتبار,"Time Liabilities in Pakistan (Rs Million) > Time Liabilities, Time Deposits (General) (Rs Million)","Time Liabilities, Time Deposits (General) (Rs Million)",1,2005-06,1490182,1970-71,6668,36
6,Money and Credit,پول و اعتبار,"Time Liabilities in Pakistan (Rs Million) > Time Liabilities, Other Liabilities (Rs Million)","Time Liabilities, Other Liabilities (Rs Million)",1,2005-06,34236,1970-71,121,36
6,Money and Credit,پول و اعتبار,Time Liabilities in Pakistan (Rs Million) > Total Time Libilities (Rs Million),Total Time Libilities (Rs Million),1,2005-06,1550177,1970-71,6904,36
6,Money and Credit,پول و اعتبار,Time Liabilities in Pakistan (Rs Million) > Total Demand and Time Liabilities (Rs Million),Total Demand and Time Liabilities (Rs Million),1,2005-06,3026061,1970-71,14379,36
6,Money and Credit,پول و اعتبار,"Time Liabilities in Pakistan (Rs Million) > Liabilities, Borrowing From SBP (Rs Million)","Liabilities, Borrowing From SBP (Rs Million)",1,2005-06,198725,1970-71,2872,36
6,Money and Credit,پول و اعتبار,"Time Liabilities in Pakistan (Rs Million) > Liabilities, Borrowing from Banks Abroad (Rs Million)","Liabilities, Borrowing from Banks Abroad (Rs Million)",1,2005-06,2953,1979-80,964,27
6,Money and Credit,پول و اعتبار,"Time Liabilities in Pakistan (Rs Million) > Liabilities, Money at Call and Short Notice in Pakistan (Rs Million)","Liabilities, Money at Call and Short Notice in Pakistan (Rs Million)",1,2005-06,172893,1979-80,660,27
6,Money and Credit,پول و اعتبار,Time Liabilities in Pakistan (Rs Million) > Other Liabilities (Rs Million),Other Liabilities (Rs Million),1,2005-06,168011,1979-80,48154,27
6,Money and Credit,پول و اعتبار,Time Liabilities in Pakistan (Rs Million) > Total Liabilities (Rs Million),Total Liabilities (Rs Million),1,2005-06,3884057,1979-80,132173,27
6,Money and Credit,پول و اعتبار,Time Liabilities in Pakistan (Rs Million) > Total Statutory Reserves (Rs Million),Total Statutory Reserves (Rs Million),1,2005-06,148585,1970-71,719,36
6,Money and Credit,پول و اعتبار,Time Liabilities in Pakistan (Rs Million) > Total Statutory Reserves (Rs Million) > On Demand Liabilities (Rs Million),On Demand Liabilities (Rs Million),2,2005-06,72364,1970-71,374,36
6,Money and Credit,پول و اعتبار,Time Liabilities in Pakistan (Rs Million) > Total Statutory Reserves (Rs Million) > On Time Liabilities Assets (Rs Million),On Time Liabilities Assets (Rs Million),2,2005-06,76221,1970-71,345,36
6,Money and Credit,پول و اعتبار,Assets,Assets,0,,,,,0
6,Money and Credit,پول و اعتبار,"Assets > Assets, Cash in Pakistan (Rs Million)","Assets, Cash in Pakistan (Rs Million)",1,2005-06,48439,1970-71,658,36
6,Money and Credit,پول و اعتبار,"Assets > Assets, Balances with SBP (Rs Million)","Assets, Balances with SBP (Rs Million)",1,2005-06,202501,1970-71,652,36
6,Money and Credit,پول و اعتبار,"Assets > Assets, Other Balances (Rs Million)","Assets, Other Balances (Rs Million)",1,2005-06,56460,1970-71,99,36
6,Money and Credit,پول و اعتبار,"Assets > Assets, Money at Call and Short Notice in Pakistan (Rs Million)","Assets, Money at Call and Short Notice in Pakistan (Rs Million)",1,2005-06,232535,1970-71,471,36
6,Money and Credit,پول و اعتبار,Foreign Currency,Foreign Currency,0,,,,,0
6,Money and Credit,پول و اعتبار,"Foreign Currency > Assets, Foreign Currency held in Pakistan (Rs Million)","Assets, Foreign Currency held in Pakistan (Rs Million)",1,2005-06,6449,1979-80,39,27
6,Money and Credit,پول و اعتبار,"Foreign Currency > Assets, Balances with Banks Abroad (Rs Million)","Assets, Balances with Banks Abroad (Rs Million)",1,2005-06,93387,1979-80,1242,27
6,Money and Credit,پول و اعتبار,"Foreign Currency > Assets, Total Foreign Currency (Rs Million)","Assets, Total Foreign Currency (Rs Million)",1,2005-06,99836,1979-80,1281,27
6,Money and Credit,پول و اعتبار,Bank Credit Advances,Bank Credit Advances,0,,,,,0
6,Money and Credit,پول و اعتبار,"Bank Credit Advances > Bank Credit Advances, To Banks (Rs Million)","Bank Credit Advances, To Banks (Rs Million)",1,2005-06,0,1970-71,309,36
6,Money and Credit,پول و اعتبار,"Bank Credit Advances > Bank Credit Advances, To Others (Rs Million)","Bank Credit Advances, To Others (Rs Million)",1,2005-06,2079056,1970-71,11297,36
6,Money and Credit,پول و اعتبار,"Bank Credit Advances > Bank Credit Advances, Total Advances (Rs Million)","Bank Credit Advances, Total Advances (Rs Million)",1,2005-06,2079056,1970-71,11606,36
6,Money and Credit,پول و اعتبار,"Bank Credit Advances > Bank Credit Advances, Bills Purchased and Discounted (Rs Million)","Bank Credit Advances, Bills Purchased and Discounted (Rs Million)",1,2005-06,135924,1970-71,664,36
6,Money and Credit,پول و اعتبار,Bank Credit Advances > Total Bank Credit (Rs Million),Total Bank Credit (Rs Million),1,2005-06,2214980,1970-71,12270,36
6,Money and Credit,پول و اعتبار,Investment in Securities and Shares,Investment in Securities and Shares,0,,,,,0
6,Money and Credit,پول و اعتبار,"Investment in Securities and Shares > Investment in Securities and Shares, Central Government Securities (Rs Million)","Investment in Securities and Shares, Central Government Securities (Rs Million)",1,2005-06,177860,1970-71,2025,36
6,Money and Credit,پول و اعتبار,"Investment in Securities and Shares > Investment in Securities and Shares, Provincial Government Securities (Rs Million)","Investment in Securities and Shares, Provincial Government Securities (Rs Million)",1,2005-06,77,1970-71,743,36
6,Money and Credit,پول و اعتبار,"Investment in Securities and Shares > Investment in Securities and Shares, Treasury Bills (Rs Million)","Investment in Securities and Shares, Treasury Bills (Rs Million)",1,2005-06,411691,1979-80,9033,27
6,Money and Credit,پول و اعتبار,Investment in Securities and Shares > Other Investment in Securities & Sahres (Rs Million),Other Investment in Securities & Sahres (Rs Million),1,2005-06,165598,1970-71,1007,36
6,Money and Credit,پول و اعتبار,Investment in Securities and Shares > Total Investment in Securities and Shares (Rs Million),Total Investment in Securities and Shares (Rs Million),1,2005-06,755227,1970-71,3775,36
6,Money and Credit,پول و اعتبار,"Investment in Securities and Shares > Investment in Securities and Shares, Other Assets (Rs Million)","Investment in Securities and Shares, Other Assets (Rs Million)",1,2005-06,195096,1979-80,48934,27
6,Money and Credit,پول و اعتبار,"Investment in Securities and Shares > Investment in Securities and Shares, Advance Tax Paid (Rs Million)","Investment in Securities and Shares, Advance Tax Paid (Rs Million)",1,2005-06,6423,1997-98,49332,9
6,Money and Credit,پول و اعتبار,"Investment in Securities and Shares > Investment in Securities and Shares, Fixed Assets (Rs Million)","Investment in Securities and Shares, Fixed Assets (Rs Million)",1,2005-06,72560,1997-98,13237,9
6,Money and Credit,پول و اعتبار,Investment in Securities and Shares > Total Assets (Rs Million),Total Assets (Rs Million),1,2005-06,3884057,1979-80,132173,27
6,Money and Credit,پول و اعتبار,Investment in Securities and Shares > Excess Reserves (Rs Million),Excess Reserves (Rs Million),1,2005-06,53916,1970-71,-67,36
6,Money and Credit,پول و اعتبار,"Assets, Cash & Balances with Treasury Banks (Rs Million)","Assets, Cash & Balances with Treasury Banks (Rs Million)",0,2024-25,2874600.82,2005-06,273896,20
6,Money and Credit,پول و اعتبار,"Assets,Balances with other Banks (Rs Million)","Assets,Balances with other Banks (Rs Million)",0,2024-25,672164.291,2005-06,120345,20
6,Money and Credit,پول و اعتبار,"Assets,Lending to Financial Institutions (Rs Million)","Assets,Lending to Financial Institutions (Rs Million)",0,2024-25,926666.823,2005-06,226451,20
6,Money and Credit,پول و اعتبار,"Assets,Investments (Rs Million)","Assets,Investments (Rs Million)",0,2024-25,36515945.2,2005-06,794584,20
6,Money and Credit,پول و اعتبار,"Assets,Gross Advances (Rs Million)","Assets,Gross Advances (Rs Million)",0,2024-25,12917322.93,2005-06,2127388,20
6,Money and Credit,پول و اعتبار,"Assets,Provision for Non- Performing Advances (Rs Million)","Assets,Provision for Non- Performing Advances (Rs Million)",0,2024-25,914906.356,2005-06,121730,20
6,Money and Credit,پول و اعتبار,"Assets,Advances � Net of Provision (Rs Million)","Assets,Advances � Net of Provision (Rs Million)",0,2024-25,12002416.57,2005-06,2005658,20
6,Money and Credit,پول و اعتبار,"Assets,Operating Fixed Assets (Rs Million)","Assets,Operating Fixed Assets (Rs Million)",0,2024-25,1062846.892,2005-06,72659,20
6,Money and Credit,پول و اعتبار,"Assets,Deferred Tax Assets (Rs Million)","Assets,Deferred Tax Assets (Rs Million)",0,2024-25,255735.576,2005-06,6760,20
6,Money and Credit,پول و اعتبار,Other Assets (Rs Million),Other Assets (Rs Million),0,2024-25,2936958.074,2005-06,172644,20
6,Money and Credit,پول و اعتبار,Total Assets (Rs Million),Total Assets (Rs Million),0,2024-25,57416707,2005-06,3672997,20
6,Money and Credit,پول و اعتبار,Liabilities,Liabilities,0,,,,,0
6,Money and Credit,پول و اعتبار,"Liabilities, Bills Payable (Rs Million)","Liabilities, Bills Payable (Rs Million)",0,2024-25,478713.477,2005-06,47282,20
6,Money and Credit,پول و اعتبار,"Liabilities,Borrowings (Rs Million)","Liabilities,Borrowings (Rs Million)",0,2024-25,14862649.71,2005-06,361080,20
6,Money and Credit,پول و اعتبار,"Liabilities,Deposits and other Accounts (Rs Million)","Liabilities,Deposits and other Accounts (Rs Million)",0,2024-25,35025387.87,2005-06,2786731,20
6,Money and Credit,پول و اعتبار,"Liabilities,Sub-ordinated Loans (Rs Million)","Liabilities,Sub-ordinated Loans (Rs Million)",0,2024-25,166328.321,2005-06,21721,20
6,Money and Credit,پول و اعتبار,Liabilities Against Assets Subject to Finance Lease (Rs Million),Liabilities Against Assets Subject to Finance Lease (Rs Million),0,2024-25,148087.584,2005-06,740,20
6,Money and Credit,پول و اعتبار,Deferred Tax Liabilities (Rs Million),Deferred Tax Liabilities (Rs Million),0,2024-25,117951.025,2005-06,8554,20
6,Money and Credit,پول و اعتبار,Other Liabilities (Rs Million),Other Liabilities (Rs Million),0,2024-25,2697784.853,2005-06,133514,20
6,Money and Credit,پول و اعتبار,Total Liabilities (Rs Million),Total Liabilities (Rs Million),0,2024-25,53496903,2005-06,3359621,20
6,Money and Credit,پول و اعتبار,Net Assets (Rs Million),Net Assets (Rs Million),0,2024-25,3919804,2005-06,313376,20
6,Money and Credit,پول و اعتبار,Represented by:,Represented by:,0,,,,,0
6,Money and Credit,پول و اعتبار,"Net Assets, Paid up Capital / Head Office Capital Account (Rs Million)","Net Assets, Paid up Capital / Head Office Capital Account (Rs Million)",0,2024-25,626974,2005-06,119860,20
6,Money and Credit,پول و اعتبار,"Net Assets,Reserves (Rs Million)","Net Assets,Reserves (Rs Million)",0,2024-25,727144,2005-06,89780,20
6,Money and Credit,پول و اعتبار,"Net Assets,Un-appropriated / Un-remitted Profit (Rs Million)","Net Assets,Un-appropriated / Un-remitted Profit (Rs Million)",0,2024-25,1631176.974,2005-06,33428,20
6,Money and Credit,پول و اعتبار,"Net Assets,Sub total (Rs Million)","Net Assets,Sub total (Rs Million)",0,2024-25,2985294.626,2005-06,243068,20
6,Money and Credit,پول و اعتبار,"Net Assets,Surplus/ (Deficit) on Revaluation of Assets (Rs Million)","Net Assets,Surplus/ (Deficit) on Revaluation of Assets (Rs Million)",0,2024-25,934509,2005-06,70308,20
6,Money and Credit,پول و اعتبار,"Net Assets,Total (Rs Million)","Net Assets,Total (Rs Million)",0,2024-25,3919803.789,2005-06,313376,20
6,Money and Credit,پول و اعتبار,"T Bills, Three Months Maturity","T Bills, Three Months Maturity",0,,,,,0
6,Money and Credit,پول و اعتبار,"T Bills, Three Months Maturity > T Bills, Three Months Maturity, Amount Offered (Rs Million)","T Bills, Three Months Maturity, Amount Offered (Rs Million)",1,,,,,0
6,Money and Credit,پول و اعتبار,"T Bills, Three Months Maturity > T Bills, Three Months Maturity, Amount Offered (Rs Million) > T Bills, Three Months Maturity, Amount Offered (Rs Million) Face value","T Bills, Three Months Maturity, Amount Offered (Rs Million) Face value",2,2024-25,10847752.49,1998-99,147735,27
6,Money and Credit,پول و اعتبار,"T Bills, Three Months Maturity > T Bills, Three Months Maturity, Amount Offered (Rs Million) > T Bills, Three Months Maturity, Amount Offered (Rs Million) Discounted value","T Bills, Three Months Maturity, Amount Offered (Rs Million) Discounted value",2,2024-25,10518773.68,1998-99,143719,27
6,Money and Credit,پول و اعتبار,"T Bills, Three Months Maturity > T Bills, Three Months MaturityAmount Accepted (Rs Million)","T Bills, Three Months MaturityAmount Accepted (Rs Million)",1,,,,,0
6,Money and Credit,پول و اعتبار,"T Bills, Three Months Maturity > T Bills, Three Months MaturityAmount Accepted (Rs Million) > T Bills, Three Months MaturityAmount Accepted (Rs Million) Face value","T Bills, Three Months MaturityAmount Accepted (Rs Million) Face value",2,2024-25,4252243.585,1998-99,45985,27
6,Money and Credit,پول و اعتبار,"T Bills, Three Months Maturity > T Bills, Three Months MaturityAmount Accepted (Rs Million) > T Bills, Three Months MaturityAmount Accepted (Rs Million) Discounted value","T Bills, Three Months MaturityAmount Accepted (Rs Million) Discounted value",2,2024-25,4130121.552,1998-99,44893,27
6,Money and Credit,پول و اعتبار,"T Bills, Three Months Maturity > T Bills, Three Months Maturity, Weighted Average Yield","T Bills, Three Months Maturity, Weighted Average Yield",1,,,,,0
6,Money and Credit,پول و اعتبار,"T Bills, Three Months Maturity > T Bills, Three Months Maturity, Weighted Average Yield > T Bills, Three Months Maturity, Weighted Average Yield Minimum % p.a.","T Bills, Three Months Maturity, Weighted Average Yield Minimum % p.a.",2,2024-25,10.9484,1998-99,6.66,27
6,Money and Credit,پول و اعتبار,"T Bills, Three Months Maturity > T Bills, Three Months Maturity, Weighted Average Yield > T Bills, Three Months Maturity, Weighted Average Yield Maximum % p.a.","T Bills, Three Months Maturity, Weighted Average Yield Maximum % p.a.",2,2024-25,19.8384,1998-99,14.616,27
6,Money and Credit,پول و اعتبار,"T Bills, Six Months Maturity","T Bills, Six Months Maturity",0,,,,,0
6,Money and Credit,پول و اعتبار,"T Bills, Six Months Maturity > T Bills, Six Months Maturity, Amount Offered (Rs Million)","T Bills, Six Months Maturity, Amount Offered (Rs Million)",1,,,,,0
6,Money and Credit,پول و اعتبار,"T Bills, Six Months Maturity > T Bills, Six Months Maturity, Amount Offered (Rs Million) > T Bills, Six Months Maturity, Amount Offered (Rs Million) Face value","T Bills, Six Months Maturity, Amount Offered (Rs Million) Face value",2,2024-25,10833842.64,1998-99,343937,27
6,Money and Credit,پول و اعتبار,"T Bills, Six Months Maturity > T Bills, Six Months Maturity, Amount Offered (Rs Million) > T Bills, Six Months Maturity, Amount Offered (Rs Million) Discounted value","T Bills, Six Months Maturity, Amount Offered (Rs Million) Discounted value",2,2024-25,10103972.96,1998-99,322564,27
6,Money and Credit,پول و اعتبار,"T Bills, Six Months Maturity > T Bills, Six Months Maturity, Amount Accepted (Rs Million)","T Bills, Six Months Maturity, Amount Accepted (Rs Million)",1,,,,,0
6,Money and Credit,پول و اعتبار,"T Bills, Six Months Maturity > T Bills, Six Months Maturity, Amount Accepted (Rs Million) > T Bills, Six Months Maturity, Amount Accepted (Rs Million) Face value","T Bills, Six Months Maturity, Amount Accepted (Rs Million) Face value",2,2024-25,2902711.195,1998-99,102669,27
6,Money and Credit,پول و اعتبار,"T Bills, Six Months Maturity > T Bills, Six Months Maturity, Amount Accepted (Rs Million) > T Bills, Six Months Maturity, Amount Accepted (Rs Million) Discounted value","T Bills, Six Months Maturity, Amount Accepted (Rs Million) Discounted value",2,2024-25,2709089.13,1998-99,96161,27
6,Money and Credit,پول و اعتبار,"T Bills, Six Months Maturity > T Bills, Six Months Maturity, Weighted Average Yield","T Bills, Six Months Maturity, Weighted Average Yield",1,,,,,0
6,Money and Credit,پول و اعتبار,"T Bills, Six Months Maturity > T Bills, Six Months Maturity, Weighted Average Yield > T Bills, Six Months Maturity, Weighted Average Yield Minimum % p.a.","T Bills, Six Months Maturity, Weighted Average Yield Minimum % p.a.",2,2024-25,10.8974,1998-99,10.599,27
6,Money and Credit,پول و اعتبار,"T Bills, Six Months Maturity > T Bills, Six Months Maturity, Weighted Average Yield > T Bills, Six Months Maturity, Weighted Average Yield Maximum % p.a.","T Bills, Six Months Maturity, Weighted Average Yield Maximum % p.a.",2,2024-25,19.6839,1998-99,15.74,27
6,Money and Credit,پول و اعتبار,"T-Bills, Twelve Months Maturity","T-Bills, Twelve Months Maturity",0,,,,,0
6,Money and Credit,پول و اعتبار,"T-Bills, Twelve Months Maturity > T-Bills, Twelve Months Maturity Amount Offered (Rs Million)","T-Bills, Twelve Months Maturity Amount Offered (Rs Million)",1,,,,,0
6,Money and Credit,پول و اعتبار,"T-Bills, Twelve Months Maturity > T-Bills, Twelve Months Maturity Amount Offered (Rs Million) > T-Bills, Twelve Months Maturity Amount Offered (Rs Million) Face value","T-Bills, Twelve Months Maturity Amount Offered (Rs Million) Face value",2,2024-25,18749507.24,1998-99,283038,27
6,Money and Credit,پول و اعتبار,"T-Bills, Twelve Months Maturity > T-Bills, Twelve Months Maturity Amount Offered (Rs Million) > T-Bills, Twelve Months Maturity Amount Offered (Rs Million) Discounted value","T-Bills, Twelve Months Maturity Amount Offered (Rs Million) Discounted value",2,2024-25,16564507.78,1998-99,247934,27
6,Money and Credit,پول و اعتبار,"T-Bills, Twelve Months Maturity > T-Bills, Twelve Months Maturity, Amount Accepted (Rs Million)","T-Bills, Twelve Months Maturity, Amount Accepted (Rs Million)",1,,,,,0
6,Money and Credit,پول و اعتبار,"T-Bills, Twelve Months Maturity > T-Bills, Twelve Months Maturity, Amount Accepted (Rs Million) > T-Bills, Twelve Months Maturity, Amount Accepted (Rs Million) Face value","T-Bills, Twelve Months Maturity, Amount Accepted (Rs Million) Face value",2,2024-25,6598508.93,1998-99,78960,27
6,Money and Credit,پول و اعتبار,"T-Bills, Twelve Months Maturity > T-Bills, Twelve Months Maturity, Amount Accepted (Rs Million) > T-Bills, Twelve Months Maturity, Amount Accepted (Rs Million) Discounted value","T-Bills, Twelve Months Maturity, Amount Accepted (Rs Million) Discounted value",2,2024-25,5848284.354,1998-99,69148,27
6,Money and Credit,پول و اعتبار,"T-Bills, Twelve Months Maturity > T-Bills, Twelve Months Maturity, Weighted Average Yield","T-Bills, Twelve Months Maturity, Weighted Average Yield",1,,,,,0
6,Money and Credit,پول و اعتبار,"T-Bills, Twelve Months Maturity > T-Bills, Twelve Months Maturity, Weighted Average Yield > T-Bills, Twelve Months Maturity, Weighted Average Yield, Minimum % p.a.","T-Bills, Twelve Months Maturity, Weighted Average Yield, Minimum % p.a.",2,2024-25,10.8787,1998-99,10.098,27
6,Money and Credit,پول و اعتبار,"T-Bills, Twelve Months Maturity > T-Bills, Twelve Months Maturity, Weighted Average Yield > T-Bills, Twelve Months Maturity, Weighted Average Yield, Maximum % p.a.","T-Bills, Twelve Months Maturity, Weighted Average Yield, Maximum % p.a.",2,2024-25,18.4236,1998-99,16,27
6,Money and Credit,پول و اعتبار,PIBs Amount Offered (Rs Million),PIBs Amount Offered (Rs Million),0,,,,,0
6,Money and Credit,پول و اعتبار,"PIBs Amount Offered (Rs Million) > PIBs Amount Offered (Rs Million), 03 Years Maturity","PIBs Amount Offered (Rs Million), 03 Years Maturity",1,2024-25,2108084.6,2000-01,8534,25
6,Money and Credit,پول و اعتبار,"PIBs Amount Offered (Rs Million) > PIBs Amount Offered (Rs Million), 05 Years Maturity","PIBs Amount Offered (Rs Million), 05 Years Maturity",1,2024-25,3378686.2,2000-01,6674,25
6,Money and Credit,پول و اعتبار,"PIBs Amount Offered (Rs Million) > PIBs Amount Offered (Rs Million), 07 Years Maturity","PIBs Amount Offered (Rs Million), 07 Years Maturity",1,2011-12,1650,2009-10,5900,3
6,Money and Credit,پول و اعتبار,"PIBs Amount Offered (Rs Million) > PIBs Amount Offered (Rs Million), 10 Years Maturity","PIBs Amount Offered (Rs Million), 10 Years Maturity",1,2024-25,1318006.5,2000-01,43606,25
6,Money and Credit,پول و اعتبار,"PIBs Amount Offered (Rs Million) > PIBs Amount Offered (Rs Million), 15 Years Maturity","PIBs Amount Offered (Rs Million), 15 Years Maturity",1,2024-25,134000,2003-04,14316,15
6,Money and Credit,پول و اعتبار,"PIBs Amount Offered (Rs Million) > PIBs Amount Offered (Rs Million), 20 Years Maturity","PIBs Amount Offered (Rs Million), 20 Years Maturity",1,2021-22,10529,2003-04,16579,17
6,Money and Credit,پول و اعتبار,"PIBs Amount Offered (Rs Million) > PIBs Amount Offered (Rs Million), 30 Years Maturity","PIBs Amount Offered (Rs Million), 30 Years Maturity",1,2021-22,0,2006-07,23300,7
6,Money and Credit,پول و اعتبار,PIBs Amount Accepted,PIBs Amount Accepted,0,,,,,0
6,Money and Credit,پول و اعتبار,PIBs Amount Accepted > 3 Years Maturity,3 Years Maturity,1,,,,,0
6,Money and Credit,پول و اعتبار,"PIBs Amount Accepted > PIBs Amount Accepted, 3 Years Maturity Amount Accepted (Rs Million)","PIBs Amount Accepted, 3 Years Maturity Amount Accepted (Rs Million)",1,2024-25,534574.5,2000-01,4677,23
6,Money and Credit,پول و اعتبار,"PIBs Amount Accepted > PIBs Amount Accepted, 3 Years Maturity Weighted Average Yield","PIBs Amount Accepted, 3 Years Maturity Weighted Average Yield",1,,,,,0
6,Money and Credit,پول و اعتبار,"PIBs Amount Accepted > PIBs Amount Accepted, 3 Years Maturity Weighted Average Yield > PIBs Amount Accepted, 3 Years Maturity Weighted Average Yield, Minimum % p.a.","PIBs Amount Accepted, 3 Years Maturity Weighted Average Yield, Minimum % p.a.",2,2024-25,11.37470861,2000-01,12.427,23
6,Money and Credit,پول و اعتبار,"PIBs Amount Accepted > PIBs Amount Accepted, 3 Years Maturity Weighted Average Yield > PIBs Amount Accepted, 3 Years Maturity Weighted Average Yield, Maximum % p.a.","PIBs Amount Accepted, 3 Years Maturity Weighted Average Yield, Maximum % p.a.",2,2024-25,16.46651367,2000-01,12.486,23
6,Money and Credit,پول و اعتبار,PIBs Amount Accepted > PIBs 5 Years Maturity,PIBs 5 Years Maturity,1,,,,,0
6,Money and Credit,پول و اعتبار,PIBs Amount Accepted > PIBs 5 Years Maturity Amount Accepted (Rs Million),PIBs 5 Years Maturity Amount Accepted (Rs Million),1,2024-25,1160394.4,2000-01,5317,25
6,Money and Credit,پول و اعتبار,"PIBs Amount Accepted > PIBs 5 Years Maturity Amount Accepted, Weighted Average Yield","PIBs 5 Years Maturity Amount Accepted, Weighted Average Yield",1,,,,,0
6,Money and Credit,پول و اعتبار,"PIBs Amount Accepted > PIBs 5 Years Maturity Amount Accepted, Weighted Average Yield > PIBs 5 Years Maturity Amount Accepted, Weighted Average Yield, Minimum % p.a.","PIBs 5 Years Maturity Amount Accepted, Weighted Average Yield, Minimum % p.a.",2,2024-25,11.69285259,2000-01,12.946,25
6,Money and Credit,پول و اعتبار,"PIBs Amount Accepted > PIBs 5 Years Maturity Amount Accepted, Weighted Average Yield > PIBs 5 Years Maturity Amount Accepted, Weighted Average Yield, Maximum % p.a.","PIBs 5 Years Maturity Amount Accepted, Weighted Average Yield, Maximum % p.a.",2,2024-25,15.40529391,2000-01,13,25
6,Money and Credit,پول و اعتبار,PIBs Amount Accepted > PIBs 7 Years Maturity,PIBs 7 Years Maturity,1,,,,,0
6,Money and Credit,پول و اعتبار,"PIBs Amount Accepted > PIBs 7 Years Maturity, Amount Accepted (Rs Million)","PIBs 7 Years Maturity, Amount Accepted (Rs Million)",1,2009-10,2175,2008-09,2935,2
6,Money and Credit,پول و اعتبار,"PIBs Amount Accepted > PIBs 7 Years Maturity, Amount Accepted, Weighted Average Yield","PIBs 7 Years Maturity, Amount Accepted, Weighted Average Yield",1,,,,,0
6,Money and Credit,پول و اعتبار,"PIBs Amount Accepted > PIBs 7 Years Maturity, Amount Accepted, Weighted Average Yield > PIBs 7 Years Maturity, Amount Accepted, Weighted Average Yield, Minimum % p.a.","PIBs 7 Years Maturity, Amount Accepted, Weighted Average Yield, Minimum % p.a.",2,2011-12,0,2008-09,14.3273,4
6,Money and Credit,پول و اعتبار,"PIBs Amount Accepted > PIBs 7 Years Maturity, Amount Accepted, Weighted Average Yield > PIBs 7 Years Maturity, Amount Accepted, Weighted Average Yield, Maximum % p.a.","PIBs 7 Years Maturity, Amount Accepted, Weighted Average Yield, Maximum % p.a.",2,2011-12,0,2008-09,14.7041,4
6,Money and Credit,پول و اعتبار,"PIBs Amount Accepted > PIBs, 10 Years Maturity","PIBs, 10 Years Maturity",1,,,,,0
6,Money and Credit,پول و اعتبار,"PIBs Amount Accepted > PIBs, 10 Years Maturity Amount Accepted (Rs Million)","PIBs, 10 Years Maturity Amount Accepted (Rs Million)",1,2024-25,715207.2,2000-01,36129,25
6,Money and Credit,پول و اعتبار,"PIBs Amount Accepted > PIBs, 10 Years Maturity Amount Accepted, Weighted Average Yield","PIBs, 10 Years Maturity Amount Accepted, Weighted Average Yield",1,,,,,0
6,Money and Credit,پول و اعتبار,"PIBs Amount Accepted > PIBs, 10 Years Maturity Amount Accepted, Weighted Average Yield > PIBs, 10 Years Maturity Amount Accepted, Weighted Average Yield, Minimum % p.a.","PIBs, 10 Years Maturity Amount Accepted, Weighted Average Yield, Minimum % p.a.",2,2024-25,12.38989684,2000-01,13.955,25
6,Money and Credit,پول و اعتبار,"PIBs Amount Accepted > PIBs, 10 Years Maturity Amount Accepted, Weighted Average Yield > PIBs, 10 Years Maturity Amount Accepted, Weighted Average Yield, Maximum % p.a.","PIBs, 10 Years Maturity Amount Accepted, Weighted Average Yield, Maximum % p.a.",2,2024-25,13.14152614,2000-01,14.004,25
6,Money and Credit,پول و اعتبار,PIBs Amount Accepted > PIBs 15 Years Maturity,PIBs 15 Years Maturity,1,,,,,0
6,Money and Credit,پول و اعتبار,PIBs Amount Accepted > PIBs 15 Years Maturity Amount Accepted (Rs Million),PIBs 15 Years Maturity Amount Accepted (Rs Million),1,2020-21,64000,2003-04,6996,10
6,Money and Credit,پول و اعتبار,"PIBs Amount Accepted > PIBs 15 Years Maturity Amount Accepted, Weighted Average Yield","PIBs 15 Years Maturity Amount Accepted, Weighted Average Yield",1,,,,,0
6,Money and Credit,پول و اعتبار,"PIBs Amount Accepted > PIBs 15 Years Maturity Amount Accepted, Weighted Average Yield > PIBs 15 Years Maturity Amount Accepted, Weighted Average Yield, Minimum % p.a.","PIBs 15 Years Maturity Amount Accepted, Weighted Average Yield, Minimum % p.a.",2,2021-22,10.4,2003-04,7.683,11
6,Money and Credit,پول و اعتبار,"PIBs Amount Accepted > PIBs 15 Years Maturity Amount Accepted, Weighted Average Yield > PIBs 15 Years Maturity Amount Accepted, Weighted Average Yield, Maximum % p.a.","PIBs 15 Years Maturity Amount Accepted, Weighted Average Yield, Maximum % p.a.",2,2021-22,10.4,2003-04,8.994,11
6,Money and Credit,پول و اعتبار,PIBs Amount Accepted > PIBs 20 Years Maturity,PIBs 20 Years Maturity,1,,,,,0
6,Money and Credit,پول و اعتبار,PIBs Amount Accepted > PIBs 20 Years Maturity Amount Accepted (Rs Million),PIBs 20 Years Maturity Amount Accepted (Rs Million),1,2020-21,62061,2003-04,6757,13
6,Money and Credit,پول و اعتبار,"PIBs Amount Accepted > PIBs 20 Years Maturity Amount Accepted, Weighted Average Yield","PIBs 20 Years Maturity Amount Accepted, Weighted Average Yield",1,,,,,0
6,Money and Credit,پول و اعتبار,"PIBs Amount Accepted > PIBs 20 Years Maturity Amount Accepted, Weighted Average Yield > PIBs 20 Years Maturity Amount Accepted, Weighted Average Yield, Minimum % p.a.","PIBs 20 Years Maturity Amount Accepted, Weighted Average Yield, Minimum % p.a.",2,2020-21,10.34,2003-04,8.706,13
6,Money and Credit,پول و اعتبار,"PIBs Amount Accepted > PIBs 20 Years Maturity Amount Accepted, Weighted Average Yield > PIBs 20 Years Maturity Amount Accepted, Weighted Average Yield, Maximum % p.a.","PIBs 20 Years Maturity Amount Accepted, Weighted Average Yield, Maximum % p.a.",2,2020-21,10.562,2003-04,8.993,13
6,Money and Credit,پول و اعتبار,PIBs Amount Accepted > PIBs 30 Years Maturity,PIBs 30 Years Maturity,1,,,,,0
6,Money and Credit,پول و اعتبار,PIBs Amount Accepted > PIBs 30 Years Maturity Amount Accepted (Rs Million),PIBs 30 Years Maturity Amount Accepted (Rs Million),1,2011-12,0,2006-07,16100,6
6,Money and Credit,پول و اعتبار,"PIBs Amount Accepted > PIBs 30 Years Maturity Amount Accepted, Weighted Average Yield","PIBs 30 Years Maturity Amount Accepted, Weighted Average Yield",1,,,,,0
6,Money and Credit,پول و اعتبار,"PIBs Amount Accepted > PIBs 30 Years Maturity Amount Accepted, Weighted Average Yield > PIBs 30 Years Maturity Amount Accepted, Weighted Average Yield, Minimum % p.a.","PIBs 30 Years Maturity Amount Accepted, Weighted Average Yield, Minimum % p.a.",2,2011-12,0,2006-07,11.546,6
6,Money and Credit,پول و اعتبار,"PIBs Amount Accepted > PIBs 30 Years Maturity Amount Accepted, Weighted Average Yield > PIBs 30 Years Maturity Amount Accepted, Weighted Average Yield, Maximum % p.a.","PIBs 30 Years Maturity Amount Accepted, Weighted Average Yield, Maximum % p.a.",2,2011-12,0,2006-07,11.68,6
6,Money and Credit,پول و اعتبار,"PIBs Floaters, Amount Offered (Face Value) (Rs Million)","PIBs Floaters, Amount Offered (Face Value) (Rs Million)",0,,,,,0
6,Money and Credit,پول و اعتبار,"PIBs Floaters, Amount Offered (Face Value) (Rs Million) > PIBs, Amount Offered (Face Value) (Rs Million)02 Years (Floater) Maturity (PFL) Quarterly","PIBs, Amount Offered (Face Value) (Rs Million)02 Years (Floater) Maturity (PFL) Quarterly",1,2024-25,61000,2020-21,213423,3
6,Money and Credit,پول و اعتبار,"PIBs Floaters, Amount Offered (Face Value) (Rs Million) > PIBs, Amount Offered (Face Value) (Rs Million), 03 Years (Floater) Maturity (PFL) Semi-Annual","PIBs, Amount Offered (Face Value) (Rs Million), 03 Years (Floater) Maturity (PFL) Semi-Annual",1,2020-21,1193302,2019-20,84100,2
6,Money and Credit,پول و اعتبار,"PIBs Floaters, Amount Offered (Face Value) (Rs Million) > PIBs, Amount Offered (Face Value) (Rs Million) , 05 Years (Floater) Maturity (PFL) Semi-Annual","PIBs, Amount Offered (Face Value) (Rs Million) , 05 Years (Floater) Maturity (PFL) Semi-Annual",1,2024-25,5925504.7,2019-20,48500,6
6,Money and Credit,پول و اعتبار,"PIBs Floaters, Amount Offered (Face Value) (Rs Million) > PIBs, Amount Offered (Face Value) (Rs Million), 10 Years (Floater) Maturity (PFL) Semi-Annual","PIBs, Amount Offered (Face Value) (Rs Million), 10 Years (Floater) Maturity (PFL) Semi-Annual",1,2024-25,16869182.9,2019-20,1445471,6
6,Money and Credit,پول و اعتبار,"PIBs Floaters, Amount Offered (Face Value) (Rs Million) > PIBs, Amount Offered (Face Value) (Rs Million), 03 Years (Floater) Maturity (PFL) Quarterly","PIBs, Amount Offered (Face Value) (Rs Million), 03 Years (Floater) Maturity (PFL) Quarterly",1,2024-25,626905.3,2020-21,365931,5
6,Money and Credit,پول و اعتبار,"PIBs Floaters, Amount Offered (Face Value) (Rs Million) > PIBs, Amount Offered (Face Value) (Rs Million), 05 Years (Floater) Maturity (PFL) Quarterly","PIBs, Amount Offered (Face Value) (Rs Million), 05 Years (Floater) Maturity (PFL) Quarterly",1,2020-21,107600,2020-21,107600,1
6,Money and Credit,پول و اعتبار,"PIBs Floaters, Amount Offered (Face Value) (Rs Million) > PIBs, Amount Offered (Face Value) (Rs Million), 10 Years (Floater) Maturity (PFL) Quarterly","PIBs, Amount Offered (Face Value) (Rs Million), 10 Years (Floater) Maturity (PFL) Quarterly",1,2020-21,130050,2018-19,706324,2
6,Money and Credit,پول و اعتبار,"PIBs Floaters, Amount Accepted (Face Value) (Rs Million)","PIBs Floaters, Amount Accepted (Face Value) (Rs Million)",0,,,,,0
6,Money and Credit,پول و اعتبار,"PIBs Floaters, Amount Accepted (Face Value) (Rs Million) > PIBs, Amount Accepted (Face Value) (Rs Million), 02 Years (Floater) Quarterly Maturity (PFL)","PIBs, Amount Accepted (Face Value) (Rs Million), 02 Years (Floater) Quarterly Maturity (PFL)",1,2023-24,576086,2020-21,175664,4
6,Money and Credit,پول و اعتبار,"PIBs Floaters, Amount Accepted (Face Value) (Rs Million) > PIBs, 02 Years (Floater) Quarterly Maturity (PFL) Cut-Off Price","PIBs, 02 Years (Floater) Quarterly Maturity (PFL) Cut-Off Price",1,,,,,0
6,Money and Credit,پول و اعتبار,"PIBs Floaters, Amount Accepted (Face Value) (Rs Million) > PIBs, 02 Years (Floater) Quarterly Maturity (PFL) Cut-Off Price > PIBs, 02 Years (Floater) Quarterly Maturity (PFL) Cut-Off Price, Minimum","PIBs, 02 Years (Floater) Quarterly Maturity (PFL) Cut-Off Price, Minimum",2,2023-24,98.6068,2020-21,99.5239,4
6,Money and Credit,پول و اعتبار,"PIBs Floaters, Amount Accepted (Face Value) (Rs Million) > PIBs, 02 Years (Floater) Quarterly Maturity (PFL) Cut-Off Price > PIBs, 02 Years (Floater) Quarterly Maturity (PFL) Cut-Off Price, Maximum","PIBs, 02 Years (Floater) Quarterly Maturity (PFL) Cut-Off Price, Maximum",2,2023-24,99.0041,2020-21,99.6467,4
6,Money and Credit,پول و اعتبار,"PIBs Floaters, Amount Accepted (Face Value) (Rs Million) > PIBs 03 Years (Floater) Maturity (PFL) Semi-Annual (Rs Million)",PIBs 03 Years (Floater) Maturity (PFL) Semi-Annual (Rs Million),1,,,,,0
6,Money and Credit,پول و اعتبار,"PIBs Floaters, Amount Accepted (Face Value) (Rs Million) > PIBs 03 Years (Floater) Maturity (PFL) Semi-Annual, Amount Accepted (Rs Million)","PIBs 03 Years (Floater) Maturity (PFL) Semi-Annual, Amount Accepted (Rs Million)",1,2020-21,624763,2019-20,60552,2
6,Money and Credit,پول و اعتبار,"PIBs Floaters, Amount Accepted (Face Value) (Rs Million) > PIBs 03 Years (Floater) Maturity (PFL) Semi-Annual, Margin/ Cut-Off Price","PIBs 03 Years (Floater) Maturity (PFL) Semi-Annual, Margin/ Cut-Off Price",1,,,,,0
6,Money and Credit,پول و اعتبار,"PIBs Floaters, Amount Accepted (Face Value) (Rs Million) > PIBs 03 Years (Floater) Maturity (PFL) Semi-Annual, Margin/ Cut-Off Price > PIBs 03 Years (Floater) Maturity (PFL) Semi-Annual, Minimum bps / Cut-Off Price","PIBs 03 Years (Floater) Maturity (PFL) Semi-Annual, Minimum bps / Cut-Off Price",2,2020-21,98.8132,2019-20,45,2
6,Money and Credit,پول و اعتبار,"PIBs Floaters, Amount Accepted (Face Value) (Rs Million) > PIBs 03 Years (Floater) Maturity (PFL) Semi-Annual, Margin/ Cut-Off Price > PIBs 03 Years (Floater) Maturity (PFL) Semi-Annual, Maximum bps / Cut-Off Price","PIBs 03 Years (Floater) Maturity (PFL) Semi-Annual, Maximum bps / Cut-Off Price",2,2020-21,100.4413,2019-20,45,2
6,Money and Credit,پول و اعتبار,"PIBs Floaters, Amount Accepted (Face Value) (Rs Million) > PIBs 03 Years (Floater) Quarterly Maturity (PFL), Amount Accepted (Rs Million)","PIBs 03 Years (Floater) Quarterly Maturity (PFL), Amount Accepted (Rs Million)",1,2024-25,25405,2020-21,228976,5
6,Money and Credit,پول و اعتبار,"PIBs Floaters, Amount Accepted (Face Value) (Rs Million) > PIBs 03 Years (Floater) Quarterly Maturity (PFL), Cut-Off Price","PIBs 03 Years (Floater) Quarterly Maturity (PFL), Cut-Off Price",1,,,,,0
6,Money and Credit,پول و اعتبار,"PIBs Floaters, Amount Accepted (Face Value) (Rs Million) > PIBs 03 Years (Floater) Quarterly Maturity (PFL), Cut-Off Price > PIBs 03 Years (Floater) Quarterly Maturity (PFL), Cut-Off Price, Minimum","PIBs 03 Years (Floater) Quarterly Maturity (PFL), Cut-Off Price, Minimum",2,2024-25,98.8149,2019-20,49,6
6,Money and Credit,پول و اعتبار,"PIBs Floaters, Amount Accepted (Face Value) (Rs Million) > PIBs 03 Years (Floater) Quarterly Maturity (PFL), Cut-Off Price > PIBs 03 Years (Floater) Quarterly Maturity (PFL), Cut-Off Price, Maximum","PIBs 03 Years (Floater) Quarterly Maturity (PFL), Cut-Off Price, Maximum",2,2024-25,98.8149,2019-20,49,6
6,Money and Credit,پول و اعتبار,"PIBs Floaters, Amount Accepted (Face Value) (Rs Million) > PIBs 05 Years (Floater) Maturity (PFL) Semi-Annual",PIBs 05 Years (Floater) Maturity (PFL) Semi-Annual,1,,,,,0
6,Money and Credit,پول و اعتبار,"PIBs Floaters, Amount Accepted (Face Value) (Rs Million) > PIBs 05 Years (Floater) Maturity (PFL) Semi-Annual, Amount Accepted (Rs Million)","PIBs 05 Years (Floater) Maturity (PFL) Semi-Annual, Amount Accepted (Rs Million)",1,2024-25,2127399.1,2019-20,34500,6
6,Money and Credit,پول و اعتبار,"PIBs Floaters, Amount Accepted (Face Value) (Rs Million) > PIBs 05 Years (Floater) Maturity (PFL) Semi-Annual, Cut-Off Price","PIBs 05 Years (Floater) Maturity (PFL) Semi-Annual, Cut-Off Price",1,,,,,0
6,Money and Credit,پول و اعتبار,"PIBs Floaters, Amount Accepted (Face Value) (Rs Million) > PIBs 05 Years (Floater) Maturity (PFL) Semi-Annual, Cut-Off Price > PIBs 05 Years (Floater) Maturity (PFL) Semi-Annual, Minimum bps / Cut-Off Price","PIBs 05 Years (Floater) Maturity (PFL) Semi-Annual, Minimum bps / Cut-Off Price",2,2024-25,96.4698,2019-20,49,6
6,Money and Credit,پول و اعتبار,"PIBs Floaters, Amount Accepted (Face Value) (Rs Million) > PIBs 05 Years (Floater) Maturity (PFL) Semi-Annual, Cut-Off Price > PIBs 05 Years (Floater) Maturity (PFL) Semi-Annual, Maximum bps / Cut-Off Price","PIBs 05 Years (Floater) Maturity (PFL) Semi-Annual, Maximum bps / Cut-Off Price",2,2024-25,97.0481,2019-20,49,6
6,Money and Credit,پول و اعتبار,"PIBs Floaters, Amount Accepted (Face Value) (Rs Million) > PIBs 05 Years (Floater) Quarterly Maturity (PFL)",PIBs 05 Years (Floater) Quarterly Maturity (PFL),1,,,,,0
6,Money and Credit,پول و اعتبار,"PIBs Floaters, Amount Accepted (Face Value) (Rs Million) > PIBs 05 Years (Floater) Quarterly Maturity (PFL), Amount Accepted (Rs Million)","PIBs 05 Years (Floater) Quarterly Maturity (PFL), Amount Accepted (Rs Million)",1,2020-21,90500,2020-21,90500,1
6,Money and Credit,پول و اعتبار,"PIBs Floaters, Amount Accepted (Face Value) (Rs Million) > PIBs 05 Years (Floater) Quarterly Maturity (PFL), Amount Accepted , Cut-Off Price","PIBs 05 Years (Floater) Quarterly Maturity (PFL), Amount Accepted , Cut-Off Price",1,,,,,0
6,Money and Credit,پول و اعتبار,"PIBs Floaters, Amount Accepted (Face Value) (Rs Million) > PIBs 05 Years (Floater) Quarterly Maturity (PFL), Amount Accepted , Cut-Off Price > 05 Years (Floater) Quarterly Maturity (PFL), Minimum Cut-Off Price","05 Years (Floater) Quarterly Maturity (PFL), Minimum Cut-Off Price",2,2020-21,97.9779,2020-21,97.9779,1
6,Money and Credit,پول و اعتبار,"PIBs Floaters, Amount Accepted (Face Value) (Rs Million) > PIBs 05 Years (Floater) Quarterly Maturity (PFL), Amount Accepted , Cut-Off Price > 05 Years (Floater) Quarterly Maturity (PFL), Maximum Cut-Off Price","05 Years (Floater) Quarterly Maturity (PFL), Maximum Cut-Off Price",2,2020-21,98.0119,2020-21,98.0119,1
6,Money and Credit,پول و اعتبار,PIBs 10 Years (Floater) Maturity (PFL) Semi-Annual,PIBs 10 Years (Floater) Maturity (PFL) Semi-Annual,0,,,,,0
6,Money and Credit,پول و اعتبار,"PIBs 10 Years (Floater) Maturity (PFL) Semi-Annual > PIBs 10 Years (Floater) Maturity (PFL) Semi-Annual, Amount Accepted (Rs Million)","PIBs 10 Years (Floater) Maturity (PFL) Semi-Annual, Amount Accepted (Rs Million)",1,2024-25,7582404,2018-19,311776,7
6,Money and Credit,پول و اعتبار,"PIBs 10 Years (Floater) Maturity (PFL) Semi-Annual > PIBs 10 Years (Floater) Maturity (PFL) Semi-Annual, Margin / Cut-Off Price","PIBs 10 Years (Floater) Maturity (PFL) Semi-Annual, Margin / Cut-Off Price",1,,,,,0
6,Money and Credit,پول و اعتبار,"PIBs 10 Years (Floater) Maturity (PFL) Semi-Annual > PIBs 10 Years (Floater) Maturity (PFL) Semi-Annual, Margin / Cut-Off Price > PIBs 10 Years (Floater) Maturity (PFL) Semi-Annual, Minimum bps / Cut-Off Price","PIBs 10 Years (Floater) Maturity (PFL) Semi-Annual, Minimum bps / Cut-Off Price",2,2024-25,92.3971,2018-19,8.5526,7
6,Money and Credit,پول و اعتبار,"PIBs 10 Years (Floater) Maturity (PFL) Semi-Annual > PIBs 10 Years (Floater) Maturity (PFL) Semi-Annual, Margin / Cut-Off Price > PIBs 10 Years (Floater) Maturity (PFL) Semi-Annual, Maximum bps / Cut-Off Price","PIBs 10 Years (Floater) Maturity (PFL) Semi-Annual, Maximum bps / Cut-Off Price",2,2024-25,95.1982,2018-19,13.6,7
6,Money and Credit,پول و اعتبار,PIBs 10 Years (Floater) Quarterly Maturity (PFL),PIBs 10 Years (Floater) Quarterly Maturity (PFL),0,,,,,0
6,Money and Credit,پول و اعتبار,"PIBs 10 Years (Floater) Quarterly Maturity (PFL) > PIBs 10 Years (Floater) Quarterly Maturity (PFL), Amount Accepted (Rs Million)","PIBs 10 Years (Floater) Quarterly Maturity (PFL), Amount Accepted (Rs Million)",1,2020-21,98542,2020-21,98542,1
6,Money and Credit,پول و اعتبار,"PIBs 10 Years (Floater) Quarterly Maturity (PFL) > PIBs 10 Years (Floater) Quarterly Maturity (PFL), Cut-Off Price","PIBs 10 Years (Floater) Quarterly Maturity (PFL), Cut-Off Price",1,,,,,0
6,Money and Credit,پول و اعتبار,"PIBs 10 Years (Floater) Quarterly Maturity (PFL) > PIBs 10 Years (Floater) Quarterly Maturity (PFL), Cut-Off Price > PIBs 10 Years (Floater) Quarterly Maturity (PFL), Minimum Cut-Off Price","PIBs 10 Years (Floater) Quarterly Maturity (PFL), Minimum Cut-Off Price",2,2020-21,95.2412,2020-21,95.2412,1
6,Money and Credit,پول و اعتبار,"PIBs 10 Years (Floater) Quarterly Maturity (PFL) > PIBs 10 Years (Floater) Quarterly Maturity (PFL), Cut-Off Price > PIBs 10 Years (Floater) Quarterly Maturity (PFL), Maximum Cut-Off Price","PIBs 10 Years (Floater) Quarterly Maturity (PFL), Maximum Cut-Off Price",2,2020-21,95.2853,2020-21,95.2853,1
7,Capital Markets and Corporate Sector,بازار سرمایه و بخش شرکتی,National Savings Schemes (Net Investment),National Savings Schemes (Net Investment),0,,,,,0
7,Capital Markets and Corporate Sector,بازار سرمایه و بخش شرکتی,National Savings Schemes (Net Investment) > Defence Savings Certificates (Rs. Million),Defence Savings Certificates (Rs. Million),1,2021-22,-10440,1990-91,6770.5,32
7,Capital Markets and Corporate Sector,بازار سرمایه و بخش شرکتی,National Savings Schemes (Net Investment) > National Deposit Scheme (Rs. Million),National Deposit Scheme (Rs. Million),1,2021-22,-0.4,1990-91,-1015.6,31
7,Capital Markets and Corporate Sector,بازار سرمایه و بخش شرکتی,National Savings Schemes (Net Investment) > Khaas Deposit Scheme (Rs. Million),Khaas Deposit Scheme (Rs. Million),1,2021-22,0,1990-91,-30203.7,32
7,Capital Markets and Corporate Sector,بازار سرمایه و بخش شرکتی,National Savings Schemes (Net Investment) > Special Savings Certificates (R) (Rs. Million),Special Savings Certificates (R) (Rs. Million),1,2021-22,-44748,1990-91,18326.4,32
7,Capital Markets and Corporate Sector,بازار سرمایه و بخش شرکتی,National Savings Schemes (Net Investment) > Special Savings Certificates (B) (Rs. Million),Special Savings Certificates (B) (Rs. Million),1,2020-21,-0.5,1990-91,1375.6,28
7,Capital Markets and Corporate Sector,بازار سرمایه و بخش شرکتی,National Savings Schemes (Net Investment) > Regular Income Certificates (Rs. Million),Regular Income Certificates (Rs. Million),1,2021-22,-10563.3,1990-91,0,32
7,Capital Markets and Corporate Sector,بازار سرمایه و بخش شرکتی,National Savings Schemes (Net Investment) > Bahbood Saving Certificates (Rs. Million),Bahbood Saving Certificates (Rs. Million),1,2021-22,16628.9,2003-04,22691,19
7,Capital Markets and Corporate Sector,بازار سرمایه و بخش شرکتی,National Savings Schemes (Net Investment) > Pensioners' Benefit Account (Rs. Million),Pensioners' Benefit Account (Rs. Million),1,2021-22,22055.6,2002-03,10170,20
7,Capital Markets and Corporate Sector,بازار سرمایه و بخش شرکتی,National Savings Schemes (Net Investment) > Savings Accounts (Rs. Million),Savings Accounts (Rs. Million),1,2021-22,10508.6,1990-91,1659.3,32
7,Capital Markets and Corporate Sector,بازار سرمایه و بخش شرکتی,National Savings Schemes (Net Investment) > Special Savings Accounts (Rs. Million),Special Savings Accounts (Rs. Million),1,2021-22,-273790.9,1990-91,4875.1,32
7,Capital Markets and Corporate Sector,بازار سرمایه و بخش شرکتی,National Savings Schemes (Net Investment) > Mahana Amdani Accounts (Rs. Million),Mahana Amdani Accounts (Rs. Million),1,2021-22,31.1,1990-91,154.6,32
7,Capital Markets and Corporate Sector,بازار سرمایه و بخش شرکتی,National Savings Schemes (Net Investment) > Prize Bonds (Rs. Million),Prize Bonds (Rs. Million),1,2021-22,-81803.7,1990-91,3066.1,32
7,Capital Markets and Corporate Sector,بازار سرمایه و بخش شرکتی,National Savings Schemes (Net Investment) > Postal Life Insurance (Rs. Million),Postal Life Insurance (Rs. Million),1,2020-21,-1311.9,1990-91,397.5,20
7,Capital Markets and Corporate Sector,بازار سرمایه و بخش شرکتی,National Savings Schemes (Net Investment) > National Savings Bonds (Rs. Million),National Savings Bonds (Rs. Million),1,2019-20,-137,2009-10,3625.2,4
7,Capital Markets and Corporate Sector,بازار سرمایه و بخش شرکتی,National Savings Schemes (Net Investment) > Short Term Saving Certificates (Rs. Million),Short Term Saving Certificates (Rs. Million),1,2021-22,690.3,2012-13,3969.7,10
7,Capital Markets and Corporate Sector,بازار سرمایه و بخش شرکتی,National Savings Schemes (Net Investment) > Premium Prize Bonds (R) (Rs. Million),Premium Prize Bonds (R) (Rs. Million),1,2021-22,12706.3,2016-17,2921.7,6
7,Capital Markets and Corporate Sector,بازار سرمایه و بخش شرکتی,National Savings Schemes (Net Investment) > Shuhda Welfare Accounts (Rs. Million),Shuhda Welfare Accounts (Rs. Million),1,2021-22,40.2,2018-19,42.1,4
7,Capital Markets and Corporate Sector,بازار سرمایه و بخش شرکتی,National Savings Schemes (Net Investment) > SARWA Islamic Savings Schemes (Rs. Million),SARWA Islamic Savings Schemes (Rs. Million),1,,,,,0
7,Capital Markets and Corporate Sector,بازار سرمایه و بخش شرکتی,National Savings Schemes (Net Investment) > Grand Total (Rs. Million),Grand Total (Rs. Million),1,2021-22,-358685.3,1990-91,5405.9,32
7,Capital Markets and Corporate Sector,بازار سرمایه و بخش شرکتی,Loans Disbursed by DFIs & Other Financial Institutions,Loans Disbursed by DFIs & Other Financial Institutions,0,,,,,0
7,Capital Markets and Corporate Sector,بازار سرمایه و بخش شرکتی,Loans Disbursed by DFIs & Other Financial Institutions > DFIs (Rs. Billion),DFIs (Rs. Billion),1,2005-06,10.6,2001-02,2.9,5
7,Capital Markets and Corporate Sector,بازار سرمایه و بخش شرکتی,Loans Disbursed by DFIs & Other Financial Institutions > Special Banks (Rs. Billion),Special Banks (Rs. Billion),1,2005-06,23.1,2001-02,11.3,5
7,Capital Markets and Corporate Sector,بازار سرمایه و بخش شرکتی,Loans Disbursed by DFIs & Other Financial Institutions > Islamic Banks (Rs. Billion),Islamic Banks (Rs. Billion),1,2005-06,24.4,2001-02,2.5,5
7,Capital Markets and Corporate Sector,بازار سرمایه و بخش شرکتی,Loans Disbursed by DFIs & Other Financial Institutions > Khushali Bank (Rs. Billion),Khushali Bank (Rs. Billion),1,2007-08,2.6,2001-02,0.2,7
7,Capital Markets and Corporate Sector,بازار سرمایه و بخش شرکتی,Loans Disbursed by DFIs & Other Financial Institutions > Non-Banking Microfinance Institutions (Rs. Billion),Non-Banking Microfinance Institutions (Rs. Billion),1,2024-25,270.5,2001-02,0,16
7,Capital Markets and Corporate Sector,بازار سرمایه و بخش شرکتی,Loans Disbursed by DFIs & Other Financial Institutions > Leasing Companies (Rs. Billion),Leasing Companies (Rs. Billion),1,2024-25,1.4,2001-02,15.9,22
7,Capital Markets and Corporate Sector,بازار سرمایه و بخش شرکتی,Loans Disbursed by DFIs & Other Financial Institutions > Investment Banks / Investment Finance Companies (Rs. Billion),Investment Banks / Investment Finance Companies (Rs. Billion),1,2024-25,116.5,2001-02,4.4,22
7,Capital Markets and Corporate Sector,بازار سرمایه و بخش شرکتی,Loans Disbursed by DFIs & Other Financial Institutions > Modarabas (Rs. Billion),Modarabas (Rs. Billion),1,2024-25,24.2,2001-02,4.8,23
7,Capital Markets and Corporate Sector,بازار سرمایه و بخش شرکتی,Loans Disbursed by DFIs & Other Financial Institutions > Housing Finance (Rs. Billion),Housing Finance (Rs. Billion),1,2024-25,0.2,2001-02,0.1,12
7,Capital Markets and Corporate Sector,بازار سرمایه و بخش شرکتی,Loans Disbursed by DFIs & Other Financial Institutions > Discount Houses (Rs. Billion),Discount Houses (Rs. Billion),1,2024-25,0.3,2001-02,0.1,8
7,Capital Markets and Corporate Sector,بازار سرمایه و بخش شرکتی,KSE-100 Index (End June),KSE-100 Index (End June),0,2024-25,125627,1990-91,1572,34
7,Capital Markets and Corporate Sector,بازار سرمایه و بخش شرکتی,Market Capitalization Rs billion (End June),Market Capitalization Rs billion (End June),0,2024-25,15240,1990-91,68,34
8,Inflation,تورم,"CPI, General","CPI, General",0,2024-25,264.01,1960-61,33.67,65
8,Inflation,تورم,"CPI, Food Beverages & Tobacco","CPI, Food Beverages & Tobacco",0,2021-22,166.46,1960-61,30.87,62
8,Inflation,تورم,"CPI, Apparel Textile & Footwear","CPI, Apparel Textile & Footwear",0,2021-22,149.57,1960-61,35.05,62
8,Inflation,تورم,"CPI, House Rent","CPI, House Rent",0,2021-22,157.47,1990-91,45.15,32
8,Inflation,تورم,"CPI, Energy","CPI, Energy",0,2007-08,165.17,1990-91,38.95,18
8,Inflation,تورم,"CPI, Household Furniture, Equipments etc.","CPI, Household Furniture, Equipments etc.",0,2024-25,273.84,1960-61,40.01,65
8,Inflation,تورم,"CPI, Transport & Communication","CPI, Transport & Communication",0,2007-08,138.66,1990-91,41.72,18
8,Inflation,تورم,"CPI, Recreation Entertainment","CPI, Recreation Entertainment",0,2021-22,134.71,1990-91,48.68,32
8,Inflation,تورم,"CPI, Education","CPI, Education",0,2024-25,207.77,2000-01,100,25
8,Inflation,تورم,"CPI, Cleaning, Laundry & Personal Appearance","CPI, Cleaning, Laundry & Personal Appearance",0,2007-08,138.28,1990-91,43.54,18
8,Inflation,تورم,"CPI, Medicare","CPI, Medicare",0,2015-16,182.69,1990-91,42.73,26
8,Inflation,تورم,"CPI (2007-08), General","CPI (2007-08), General",0,2015-16,203.82,2008-09,117.03,8
8,Inflation,تورم,"CPI (2007-08), Food & Non Alcoholic Beverages","CPI (2007-08), Food & Non Alcoholic Beverages",0,2015-16,219.42,2008-09,123.13,8
8,Inflation,تورم,"CPI (2007-08), Beverages & Tobacco","CPI (2007-08), Beverages & Tobacco",0,2015-16,329.25,2008-09,113.64,8
8,Inflation,تورم,"CPI (2007-08), Clothing & Foot wear","CPI (2007-08), Clothing & Foot wear",0,2015-16,224.18,2008-09,111.74,8
8,Inflation,تورم,"CPI (2007-08), Housing, Water, Elec.Gas & Fuel","CPI (2007-08), Housing, Water, Elec.Gas & Fuel",0,2015-16,183.9,2008-09,112.01,8
8,Inflation,تورم,"CPI (2007-08), Household Equipment & Repair Maintenance","CPI (2007-08), Household Equipment & Repair Maintenance",0,2015-16,217.38,2008-09,115.97,8
8,Inflation,تورم,"CPI (2007-08), Health","CPI (2007-08), Health",0,2015-16,182.69,2008-09,108.03,8
8,Inflation,تورم,"CPI (2007-08), Transport","CPI (2007-08), Transport",0,2015-16,174.25,2008-09,125.15,8
8,Inflation,تورم,"CPI (2007-08), Communication","CPI (2007-08), Communication",0,2015-16,130.56,2008-09,105.59,8
8,Inflation,تورم,"CPI (2007-08), Recreation & Culture","CPI (2007-08), Recreation & Culture",0,2015-16,194.21,2008-09,114.27,8
8,Inflation,تورم,"CPI (2007-08), Education","CPI (2007-08), Education",0,2015-16,213.02,2008-09,108.15,8
8,Inflation,تورم,"CPI (2007-08), Restaurant & Hotels","CPI (2007-08), Restaurant & Hotels",0,2015-16,256.79,2008-09,123.53,8
8,Inflation,تورم,"CPI (2007-08), Miscellaneous","CPI (2007-08), Miscellaneous",0,2015-16,228.22,2008-09,117.65,8
8,Inflation,تورم,"Indices, CPI","Indices, CPI",0,2015-16,203.82,1991-92,47.41,25
8,Inflation,تورم,"Indices, Food CPI","Indices, Food CPI",0,2015-16,224.78,1991-92,46.33,25
8,Inflation,تورم,"Indices, Non-Food CPI","Indices, Non-Food CPI",0,2015-16,191.25,1991-92,48.52,25
8,Inflation,تورم,"Indices, Core Inflation","Indices, Core Inflation",0,2015-16,190.71,1991-92,48.84,25
8,Inflation,تورم,CPI Inflation (%),CPI Inflation (%),0,2015-16,2.86,1991-92,10.58,25
8,Inflation,تورم,Food Inflation (%),Food Inflation (%),0,2015-16,2.08,1991-92,10.64,25
8,Inflation,تورم,Non-Food Inflation(%),Non-Food Inflation(%),0,2015-16,3.41,1991-92,10.52,25
8,Inflation,تورم,Core Inflation(%),Core Inflation(%),0,2015-16,4.17,1991-92,10.52,25
8,Inflation,تورم,"Indices, National CPI","Indices, National CPI",0,2024-25,264.01,2016-17,104.81,9
8,Inflation,تورم,"Indices, National CPI > Indices, Urban, Food","Indices, Urban, Food",1,2024-25,280.6,2016-17,104.32,9
8,Inflation,تورم,"Indices, National CPI > Indices, Urban, Non-food","Indices, Urban, Non-food",1,2024-25,249.02,2016-17,105.13,9
8,Inflation,تورم,"Indices, National CPI > Indices, Urban, Core","Indices, Urban, Core",1,2024-25,216.95,2016-17,106.1,9
8,Inflation,تورم,"Indices, National CPI > Indices, Rural, Food","Indices, Rural, Food",1,2024-25,283.97,2016-17,105.11,9
8,Inflation,تورم,"Indices, National CPI > Indices, Rural, Non-food","Indices, Rural, Non-food",1,2024-25,256.47,2016-17,104.48,9
8,Inflation,تورم,"Indices, National CPI > Indices, Rural, Core","Indices, Rural, Core",1,2024-25,248.41,2016-17,105.6,9
8,Inflation,تورم,"Growth (%), National CPI","Growth (%), National CPI",0,2024-25,4.49,2016-17,4.81,9
8,Inflation,تورم,"Growth (%), National CPI > Growth (%), Urban, Food","Growth (%), Urban, Food",1,2024-25,1.65,2016-17,4.32,9
8,Inflation,تورم,"Growth (%), National CPI > Growth (%), Urban, Non-food","Growth (%), Urban, Non-food",1,2024-25,7.87,2016-17,5.13,9
8,Inflation,تورم,"Growth (%), National CPI > Growth (%), Urban, Core","Growth (%), Urban, Core",1,2024-25,8.49,2016-17,6.1,9
8,Inflation,تورم,"Growth (%), National CPI > Growth (%), Rural, Food","Growth (%), Rural, Food",1,2024-25,-0.92,2016-17,5.11,9
8,Inflation,تورم,"Growth (%), National CPI > Growth (%), Rural, Non-food","Growth (%), Rural, Non-food",1,2024-25,7.65,2016-17,4.48,9
8,Inflation,تورم,"Growth (%), National CPI > Growth (%), Rural, Core","Growth (%), Rural, Core",1,2024-25,11.09,2016-17,5.6,9
8,Inflation,تورم,"WPI, General","WPI, General",0,2007-08,170.15,1981-82,107.36,27
8,Inflation,تورم,"WPI, Food","WPI, Food",0,2007-08,173.27,1981-82,111.3,27
8,Inflation,تورم,"WPI, Raw Materials","WPI, Raw Materials",0,2007-08,156.57,1981-82,104.35,27
8,Inflation,تورم,"WPI, Fuel, Lighting & Lubricants","WPI, Fuel, Lighting & Lubricants",0,2007-08,223.34,1981-82,105.52,27
8,Inflation,تورم,"WPI, Manufactures","WPI, Manufactures",0,2007-08,128.33,1981-82,103.44,27
8,Inflation,تورم,"WPI, Building Materials","WPI, Building Materials",0,2007-08,177.18,1981-82,96.21,27
8,Inflation,تورم,Sensitive Price Indicator,Sensitive Price Indicator,0,2007-08,176.78,1981-82,115.38,27
8,Inflation,تورم,"WPI (2007-08), General","WPI (2007-08), General",0,2015-16,207.65,2008-09,118.93,8
8,Inflation,تورم,"WPI (2007-08), Agriculture Forestry & Fishery Product","WPI (2007-08), Agriculture Forestry & Fishery Product",0,2015-16,226.43,2008-09,119.1,8
8,Inflation,تورم,"WPI (2007-08), Ores & Minerals, Materials Ewlectricity Gas & Water","WPI (2007-08), Ores & Minerals, Materials Ewlectricity Gas & Water",0,2015-16,245.91,2008-09,125.31,8
8,Inflation,تورم,"WPI (2007-08), Food Product, Beverages & Tobacco, Textiles Appreal Leather Products","WPI (2007-08), Food Product, Beverages & Tobacco, Textiles Appreal Leather Products",0,2015-16,213.58,2008-09,114.57,8
8,Inflation,تورم,"WPI (2007-08), Other Transportable Goods","WPI (2007-08), Other Transportable Goods",0,2015-16,171.21,2008-09,125.21,8
8,Inflation,تورم,"WPI (2007-08)I, Metal Products Machinery & Equipment","WPI (2007-08)I, Metal Products Machinery & Equipment",0,2015-16,171.46,2008-09,109.07,8
8,Inflation,تورم,"WPI (2015-16), General","WPI (2015-16), General",0,2024-25,312.53,2016-17,104.45,9
8,Inflation,تورم,"WPI (2015-16), Agriculture Forestry & Fishery","WPI (2015-16), Agriculture Forestry & Fishery",0,2024-25,281.84,2016-17,108.15,9
8,Inflation,تورم,"WPI (2015-16), Ores/Minerals, Elec., Gas & water","WPI (2015-16), Ores/Minerals, Elec., Gas & water",0,2024-25,358.81,2016-17,99.32,9
8,Inflation,تورم,"WPI (2015-16), Food, Beverages Tobacco, Textiles, Textiles, Leather","WPI (2015-16), Food, Beverages Tobacco, Textiles, Textiles, Leather",0,2024-25,277.16,2016-17,105.63,9
8,Inflation,تورم,"WPI (2015-16), Food Products Beverages & Tobacco","WPI (2015-16), Food Products Beverages & Tobacco",0,2024-25,292.55,2016-17,103.82,9
8,Inflation,تورم,"WPI (2015-16), Textiles Apparels","WPI (2015-16), Textiles Apparels",0,2024-25,253.79,2016-17,109.42,9
8,Inflation,تورم,"WPI (2015-16), Leather Products","WPI (2015-16), Leather Products",0,2024-25,182.18,2016-17,101.83,9
8,Inflation,تورم,"WPI (2015-16), Other transportable Goods","WPI (2015-16), Other transportable Goods",0,2024-25,342.42,2016-17,101.69,9
8,Inflation,تورم,"WPI (2015-16), Metal Product Machinery & Equipment","WPI (2015-16), Metal Product Machinery & Equipment",0,2024-25,388.74,2016-17,103.22,9
8,Inflation,تورم,Consumer Price Index (%),Consumer Price Index (%),0,2024-25,4.49,1982-83,4.67,43
8,Inflation,تورم,Wholesale Price Index (%),Wholesale Price Index (%),0,2024-25,1.89,1982-83,5.36,43
8,Inflation,تورم,Sensitive Price Indicator (%),Sensitive Price Indicator (%),0,2024-25,3.81,1990-91,12.59,35
8,Inflation,تورم,Average Retail Prices of Wheat (Av.Qlty),Average Retail Prices of Wheat (Av.Qlty),0,2018-19,34.95,1960-61,0.45,59
8,Inflation,تورم,Average Retail Prices of Wheat Flour (Av.Qlty),Average Retail Prices of Wheat Flour (Av.Qlty),0,2024-25,1749.42,1960-61,0.75,65
8,Inflation,تورم,Average Retail Prices of Basmati Rice (Broken),Average Retail Prices of Basmati Rice (Broken),0,2024-25,205.41,1960-61,0.92,65
8,Inflation,تورم,Average Retail Prices of Moong Pulse (Washed),Average Retail Prices of Moong Pulse (Washed),0,2024-25,378.91,1960-61,0.57,65
8,Inflation,تورم,Average Retail Prices of Gram Pulse (Av.Qlty),Average Retail Prices of Gram Pulse (Av.Qlty),0,2024-25,350.65,1960-61,1.34,65
8,Inflation,تورم,Average Retail Prices of Beef (Cow/Buffalowithbone),Average Retail Prices of Beef (Cow/Buffalowithbone),0,2024-25,1035.66,1960-61,2.78,65
8,Inflation,تورم,Average Retail Prices of Chicken (Farm),Average Retail Prices of Chicken (Farm),0,2024-25,425.28,1969-70,2.71,49
8,Inflation,تورم,Average Retail Prices of Mutton (Goat)(Av.Qlty),Average Retail Prices of Mutton (Goat)(Av.Qlty),0,2024-25,1965.42,1960-61,0.53,65
8,Inflation,تورم,Average Retail Prices of Eggs Hen(Farm)Doz.,Average Retail Prices of Eggs Hen(Farm)Doz.,0,2024-25,292.11,1960-61,0.31,65
8,Inflation,تورم,Average Retail Prices of Potato (Av.Qlty),Average Retail Prices of Potato (Av.Qlty),0,2024-25,87.87,1969-70,1.27,56
8,Inflation,تورم,Average Retail Prices of Dry Onion (Av.Qlty),Average Retail Prices of Dry Onion (Av.Qlty),0,2024-25,112.88,1960-61,2.36,65
8,Inflation,تورم,Average Retail Prices of Tomato (Av.Qlty),Average Retail Prices of Tomato (Av.Qlty),0,2024-25,106.08,1960-61,3.29,65
8,Inflation,تورم,Average Retail Prices of Mustard Oil (Mill),Average Retail Prices of Mustard Oil (Mill),0,2024-25,535.34,1960-61,0.2,65
8,Inflation,تورم,Average Retail Prices of Vegetable Ghee (Loose),Average Retail Prices of Vegetable Ghee (Loose),0,2024-25,551.3,1960-61,3.68,65
8,Inflation,تورم,Average Retail Prices of Rock Salt (Powder),Average Retail Prices of Rock Salt (Powder),0,2024-25,71.51,1960-61,1.46,58
8,Inflation,تورم,Average Retail Prices of Red Chilies (Av.Qlty),Average Retail Prices of Red Chilies (Av.Qlty),0,2024-25,321.84,1960-61,1.05,65
8,Inflation,تورم,Average Retail Prices of Sugar (Open Market),Average Retail Prices of Sugar (Open Market),0,2024-25,151.96,1960-61,0.71,65
8,Inflation,تورم,Average Retail Prices of Gur (Sup. Qlty),Average Retail Prices of Gur (Sup. Qlty),0,2024-25,213.86,1960-61,2.25,65
8,Inflation,تورم,Average Retail Prices of Milk Fresh Ltr.,Average Retail Prices of Milk Fresh Ltr.,0,2024-25,197.12,1960-61,0.28,65
8,Inflation,تورم,Average Retail Prices of Tea in Packet (sup.Qlty) 250 grams,Average Retail Prices of Tea in Packet (sup.Qlty) 250 grams,0,2024-25,510.94,1960-61,1.6,65
8,Inflation,تورم,Average Retail Prices of Cigarettes Pkt,Average Retail Prices of Cigarettes Pkt,0,2024-25,234.79,1969-70,3.92,56
8,Inflation,تورم,Average Retail Prices of Coarse Latha Mtr.,Average Retail Prices of Coarse Latha Mtr.,0,2024-25,625.64,1969-70,19.95,55
8,Inflation,تورم,Average Retail Prices of Voil Printed Mtr.,Average Retail Prices of Voil Printed Mtr.,0,2024-25,292.85,1960-61,0.17,65
8,Inflation,تورم,Average Retail Prices of Shoes gents Bata,Average Retail Prices of Shoes gents Bata,0,2024-25,2499,1960-61,3.95,65
8,Inflation,تورم,Average Retail Prices of Firewood Kikar/Babul) 40 Kgs.,Average Retail Prices of Firewood Kikar/Babul) 40 Kgs.,0,2024-25,1274.03,1960-61,0.06,65
8,Inflation,تورم,Average Retail Prices of Match Box (40/50 Sticks) Each,Average Retail Prices of Match Box (40/50 Sticks) Each,0,2024-25,6.23,1965-66,0.67,60
8,Inflation,تورم,Average Retail Prices of Washing Soap 707/555 Cake,Average Retail Prices of Washing Soap 707/555 Cake,0,2024-25,6.23,1960-61,0.47,64
8,Inflation,تورم,Average Retail Prices of Lifebuoy soap Cake,Average Retail Prices of Lifebuoy soap Cake,0,2024-25,108.15,1980-81,5.85,45
8,Inflation,تورم,Average Retail Prices of Electric Bulb (60-W),Average Retail Prices of Electric Bulb (60-W),0,2024-25,380.66,1980-81,4.42,45
8,Inflation,تورم,Average Retail Prices of Cooked Beef Plate,Average Retail Prices of Cooked Beef Plate,0,2024-25,297.31,1980-81,3.02,45
8,Inflation,تورم,Average Retail Prices of Cooked Dal Plate,Average Retail Prices of Cooked Dal Plate,0,2024-25,160.95,1980-81,2.59,45
8,Inflation,تورم,Average Retail Prices of Rice Irri-6 Kg,Average Retail Prices of Rice Irri-6 Kg,0,2024-25,159.1,1980-81,5.77,45
8,Inflation,تورم,Average Retail Prices of Masoor Pulse Kg,Average Retail Prices of Masoor Pulse Kg,0,2024-25,303.88,1980-81,6.99,45
8,Inflation,تورم,Average Retail Prices of Mash Pulse Kg,Average Retail Prices of Mash Pulse Kg,0,2024-25,509.65,1980-81,9.17,45
8,Inflation,تورم,Average Retail Prices of Garlic Kg,Average Retail Prices of Garlic Kg,0,2024-25,554.55,1980-81,25.03,45
8,Inflation,تورم,Average Retail Prices of Cooking Oil Dalda 2.5 Ltr,Average Retail Prices of Cooking Oil Dalda 2.5 Ltr,0,2024-25,2802.9,1980-81,28.55,45
8,Inflation,تورم,Average Retail Prices of Vegetable Ghee 2.5 Kg,Average Retail Prices of Vegetable Ghee 2.5 Kg,0,2024-25,1410.61,1980-81,4.83,45
8,Inflation,تورم,Average Retail Prices of Curd Kg,Average Retail Prices of Curd Kg,0,2024-25,230.3,1980-81,0.85,45
8,Inflation,تورم,Average Retail Prices of Tea PrePared Cup,Average Retail Prices of Tea PrePared Cup,0,2024-25,60.96,1980-81,5.03,45
8,Inflation,تورم,Average Retail Prices of Banana Doz.,Average Retail Prices of Banana Doz.,0,2024-25,152.78,1980-81,6.1,45
8,Inflation,تورم,Average Retail Prices of Lawn Hussain Mtr.,Average Retail Prices of Lawn Hussain Mtr.,0,2024-25,622.67,1980-81,9.99,45
8,Inflation,تورم,Average Retail Prices of Shirting Hussain Mtr.,Average Retail Prices of Shirting Hussain Mtr.,0,2024-25,480.35,1980-81,26.99,45
8,Inflation,تورم,Average Retail Prices of Shoes Lady Bata,Average Retail Prices of Shoes Lady Bata,0,2024-25,1211.5,1980-81,15.19,45
8,Inflation,تورم,Average Retail Prices of Chappal Gents Spang,Average Retail Prices of Chappal Gents Spang,0,2024-25,599,1980-81,2.01,45
8,Inflation,تورم,Average Retail Prices of Bread Plain M.Size,Average Retail Prices of Bread Plain M.Size,0,2024-25,109.13,1981-82,92.57,44
8,Inflation,تورم,Average Retail Prices of Milk Powder Nido 500 grams,Average Retail Prices of Milk Powder Nido 500 grams,0,2024-25,1035.12,1990-91,217.27,35
8,Inflation,تورم,Average Retail Prices of Kerosene (Per ltr.),Average Retail Prices of Kerosene (Per ltr.),0,2018-19,119.97,2005-06,36.19,14
8,Inflation,تورم,Average Retail Prices of Gas Charges (100 cf),Average Retail Prices of Gas Charges (100 cf),0,2024-25,1976.5,2005-06,88.92,20
8,Inflation,تورم,Average Retail Prices of Elect Charges (upto 50 Units),Average Retail Prices of Elect Charges (upto 50 Units),0,2024-25,6.07,2005-06,2.14,20
8,Inflation,تورم,Average Retail Prices of Petrol Super (per Ltr.),Average Retail Prices of Petrol Super (per Ltr.),0,2024-25,256.75,2005-06,55.12,20
8,Inflation,تورم,Average Retail Prices of Tele local call charges (per call),Average Retail Prices of Tele local call charges (per call),0,2024-25,1.79,2005-06,2.31,20
8,Inflation,تورم,Indices of Wholesale Prices of Wheat,Indices of Wholesale Prices of Wheat,0,2024-25,219.12,1960-61,39.39,65
8,Inflation,تورم,Indices of Wholesale Prices of Rice,Indices of Wholesale Prices of Rice,0,2024-25,329.52,1960-61,32.24,65
8,Inflation,تورم,Indices of Wholesale Prices of Gram (whole),Indices of Wholesale Prices of Gram (whole),0,2010-11,169.24,1960-61,35.51,51
8,Inflation,تورم,Indices of Wholesale Prices of Sugar Refined,Indices of Wholesale Prices of Sugar Refined,0,2024-25,247.16,1960-61,34.47,65
8,Inflation,تورم,Indices of Wholesale Prices of Vegetable Ghee,Indices of Wholesale Prices of Vegetable Ghee,0,2024-25,351.13,1960-61,35.12,65
8,Inflation,تورم,Indices of Wholesale Prices of Tea,Indices of Wholesale Prices of Tea,0,2024-25,274.62,1960-61,60.38,65
8,Inflation,تورم,Indices of Wholesale Prices of Meat,Indices of Wholesale Prices of Meat,0,2024-25,320.25,1960-61,23.67,65
8,Inflation,تورم,Indices of Wholesale Prices of Vegetable,Indices of Wholesale Prices of Vegetable,0,2024-25,316.5,1969-70,37.5,56
8,Inflation,تورم,Indices of Wholesale Prices of Fresh Milk,Indices of Wholesale Prices of Fresh Milk,0,2024-25,248.18,1960-61,27.56,65
8,Inflation,تورم,Indices of Wholesale Prices of Cotton,Indices of Wholesale Prices of Cotton,0,2024-25,195.03,1960-61,37.81,65
8,Inflation,تورم,Indices of Wholesale Prices of Motor Fuels,Indices of Wholesale Prices of Motor Fuels,0,2024-25,362.1,1969-70,35.92,56
8,Inflation,تورم,Indices of Wholesale Prices of Other Oils,Indices of Wholesale Prices of Other Oils,0,2024-25,330.07,1969-70,43.48,56
8,Inflation,تورم,Indices of Wholesale Prices of Fire Wood,Indices of Wholesale Prices of Fire Wood,0,2024-25,203.06,1960-61,19.51,65
8,Inflation,تورم,Indices of Wholesale Prices of Cotton Yarn,Indices of Wholesale Prices of Cotton Yarn,0,2024-25,239.61,1960-61,38.38,65
8,Inflation,تورم,Indices of Wholesale Prices of Matches,Indices of Wholesale Prices of Matches,0,2024-25,3335,1960-61,31.01,65
8,Inflation,تورم,Indices of Wholesale Prices of Soaps,Indices of Wholesale Prices of Soaps,0,2024-25,236.54,1960-61,27.33,65
8,Inflation,تورم,Indices of Wholesale Prices of Fertilizers,Indices of Wholesale Prices of Fertilizers,0,2024-25,275.03,1960-61,48.81,65
8,Inflation,تورم,Indices of Wholesale Prices of Transport,Indices of Wholesale Prices of Transport,0,2010-11,116.77,1969-70,36.29,42
8,Inflation,تورم,Indices of Wholesale Prices of Leather,Indices of Wholesale Prices of Leather,0,2024-25,176.19,1960-61,21.19,65
8,Inflation,تورم,Indices of Wholesale Prices of Timber,Indices of Wholesale Prices of Timber,0,2024-25,239.41,1960-61,12.48,65
8,Inflation,تورم,Indices of Wholesale Prices of Cement,Indices of Wholesale Prices of Cement,0,2024-25,285.5,1975-76,100,50
9,Trade and Payments,تجارت و تراز پرداخت‌ها,Current Account Balance ($ Million),Current Account Balance ($ Million),0,2024-25,1838,1995-96,-4575,30
9,Trade and Payments,تجارت و تراز پرداخت‌ها,Current Account Balance without off. Transfers ($ Million),Current Account Balance without off. Transfers ($ Million),0,2024-25,1332,2002-03,3165,23
9,Trade and Payments,تجارت و تراز پرداخت‌ها,Current Account Balance without off. Transfers ($ Million) > Exports of Goods FOB ($ Million),Exports of Goods FOB ($ Million),1,2024-25,32343,1970-71,683,55
9,Trade and Payments,تجارت و تراز پرداخت‌ها,Current Account Balance without off. Transfers ($ Million) > Imports of Goods FOB($ Million),Imports of Goods FOB($ Million),1,2024-25,59146,1970-71,1187,55
9,Trade and Payments,تجارت و تراز پرداخت‌ها,Current Account Balance without off. Transfers ($ Million) > Balance on Trade in Goods ($ Million),Balance on Trade in Goods ($ Million),1,2024-25,-26803,1970-71,-504,55
9,Trade and Payments,تجارت و تراز پرداخت‌ها,Current Account Balance without off. Transfers ($ Million) > Exports of Services ($ Million),Exports of Services ($ Million),1,2024-25,8450,2002-03,2712,23
9,Trade and Payments,تجارت و تراز پرداخت‌ها,Current Account Balance without off. Transfers ($ Million) > Imports of Services ($ Million),Imports of Services ($ Million),1,2024-25,11286.2,2002-03,2714,23
9,Trade and Payments,تجارت و تراز پرداخت‌ها,Current Account Balance without off. Transfers ($ Million) > Imports of Services ($ Million) > Transportation ($ Million),Transportation ($ Million),2,2024-25,4698,2007-08,3785,18
9,Trade and Payments,تجارت و تراز پرداخت‌ها,Current Account Balance without off. Transfers ($ Million) > Imports of Services ($ Million) > Travel ($ Million),Travel ($ Million),2,2024-25,2408,2007-08,1578,18
9,Trade and Payments,تجارت و تراز پرداخت‌ها,Current Account Balance without off. Transfers ($ Million) > Balance on Trade in Services ($ Million),Balance on Trade in Services ($ Million),1,2024-25,-2836.2,1990-91,-630,35
9,Trade and Payments,تجارت و تراز پرداخت‌ها,Current Account Balance without off. Transfers ($ Million) > Balance on Trade in Goods and Services ($ Million),Balance on Trade in Goods and Services ($ Million),1,2024-25,-29639.19,1990-91,-3123.2,35
9,Trade and Payments,تجارت و تراز پرداخت‌ها,Current Account Balance without off. Transfers ($ Million) > Primary Income credit ($ Million),Primary Income credit ($ Million),1,2024-25,999,2002-03,170,23
9,Trade and Payments,تجارت و تراز پرداخت‌ها,Current Account Balance without off. Transfers ($ Million) > Primary Income debit ($ Million),Primary Income debit ($ Million),1,2024-25,9836.809171,2002-03,2381,23
9,Trade and Payments,تجارت و تراز پرداخت‌ها,Current Account Balance without off. Transfers ($ Million) > Primary Income debit ($ Million) > Interest Payments ($ Million),Interest Payments ($ Million),2,2024-25,5051,2007-08,2175,18
9,Trade and Payments,تجارت و تراز پرداخت‌ها,Current Account Balance without off. Transfers ($ Million) > Balance on Primary Income ($ Million),Balance on Primary Income ($ Million),1,2024-25,-8837.8,2002-03,-2211,23
9,Trade and Payments,تجارت و تراز پرداخت‌ها,"Current Account Balance without off. Transfers ($ Million) > Balance on Goods, Services and Primary Income ($ Million)","Balance on Goods, Services and Primary Income ($ Million)",1,2024-25,-38477,2002-03,-2572,23
9,Trade and Payments,تجارت و تراز پرداخت‌ها,Current Account Balance without off. Transfers ($ Million) > Secondary Income credit ($ Million),Secondary Income credit ($ Million),1,2024-25,40906,2002-03,6714,23
9,Trade and Payments,تجارت و تراز پرداخت‌ها,Current Account Balance without off. Transfers ($ Million) > Secondary Income credit ($ Million) > Workers' Remittances ($ Million),Workers' Remittances ($ Million),2,2024-25,38300,1972-73,136,53
9,Trade and Payments,تجارت و تراز پرداخت‌ها,Current Account Balance without off. Transfers ($ Million) > Secondary Income debit ($ Million),Secondary Income debit ($ Million),1,2024-25,591,2002-03,72,23
9,Trade and Payments,تجارت و تراز پرداخت‌ها,Current Account Balance without off. Transfers ($ Million) > Balance on secondary Income ($ Million),Balance on secondary Income ($ Million),1,2024-25,40315,2002-03,6642,23
9,Trade and Payments,تجارت و تراز پرداخت‌ها,Current Account Balance without off. Transfers ($ Million) > Capital Account Balance ($ Million),Capital Account Balance ($ Million),1,2024-25,168,2002-03,1133,23
9,Trade and Payments,تجارت و تراز پرداخت‌ها,Current Account Balance without off. Transfers ($ Million) > Capital Account Balance ($ Million) > Capital Account credit ($ Million),Capital Account credit ($ Million),2,2024-25,198,2002-03,1133,23
9,Trade and Payments,تجارت و تراز پرداخت‌ها,Current Account Balance without off. Transfers ($ Million) > Capital Account Balance ($ Million) > Capital Account debit ($ Million),Capital Account debit ($ Million),2,2024-25,30,2002-03,0,23
9,Trade and Payments,تجارت و تراز پرداخت‌ها,Net lending (+) / Net borrowing (-) (Current and Capital Accounts) ($ Million),Net lending (+) / Net borrowing (-) (Current and Capital Accounts) ($ Million),0,2024-25,2006,2002-03,5203,23
9,Trade and Payments,تجارت و تراز پرداخت‌ها,Financial Account ($ Million),Financial Account ($ Million),0,2024-25,-1586,2002-03,487,23
9,Trade and Payments,تجارت و تراز پرداخت‌ها,Financial Account ($ Million) > Direct investment ($ Million),Direct investment ($ Million),1,2024-25,-2462,2002-03,-771,23
9,Trade and Payments,تجارت و تراز پرداخت‌ها,Financial Account ($ Million) > Direct investment ($ Million) > Direct Investment Abroad ($ Million),Direct Investment Abroad ($ Million),2,2024-25,15,2002-03,27,23
9,Trade and Payments,تجارت و تراز پرداخت‌ها,Financial Account ($ Million) > Direct investment ($ Million) > Direct Investment in Pakistan ($ Million),Direct Investment in Pakistan ($ Million),2,2024-25,2477,1948-49,1,77
9,Trade and Payments,تجارت و تراز پرداخت‌ها,Financial Account ($ Million) > Portfolio investment ($ Million),Portfolio investment ($ Million),1,2024-25,719,2002-03,239,23
9,Trade and Payments,تجارت و تراز پرداخت‌ها,Financial Account ($ Million) > Portfolio investment ($ Million) > Portfolio Investment Abroad ($ Million),Portfolio Investment Abroad ($ Million),2,2024-25,-10,2002-03,0,23
9,Trade and Payments,تجارت و تراز پرداخت‌ها,Financial Account ($ Million) > Portfolio investment ($ Million) > Portfolio Investment in Pakistan ($ Million),Portfolio Investment in Pakistan ($ Million),2,2024-25,-729,2002-03,-239,23
9,Trade and Payments,تجارت و تراز پرداخت‌ها,Financial Derivatives (other than reserves) and ESOs* ($ Million),Financial Derivatives (other than reserves) and ESOs* ($ Million),0,2024-25,-2,2002-03,0,23
9,Trade and Payments,تجارت و تراز پرداخت‌ها,Financial Derivatives (other than reserves) and ESOs* ($ Million) > Other Investment ($ Million),Other Investment ($ Million),1,2024-25,159,2002-03,1019,23
9,Trade and Payments,تجارت و تراز پرداخت‌ها,Financial Derivatives (other than reserves) and ESOs* ($ Million) > Net Acquisition of Financial Assets ($ Million),Net Acquisition of Financial Assets ($ Million),1,2024-25,82,2002-03,-434,23
9,Trade and Payments,تجارت و تراز پرداخت‌ها,Financial Derivatives (other than reserves) and ESOs* ($ Million) > Net Incurrence of Liabilities ($ Million),Net Incurrence of Liabilities ($ Million),1,2024-25,-77,2002-03,-1453,23
9,Trade and Payments,تجارت و تراز پرداخت‌ها,Financial Derivatives (other than reserves) and ESOs* ($ Million) > Net Incurrence of Liabilities ($ Million) > General Government ($ Million),General Government ($ Million),2,2024-25,2346,2002-03,-1419,23
9,Trade and Payments,تجارت و تراز پرداخت‌ها,Financial Derivatives (other than reserves) and ESOs* ($ Million) > Net Incurrence of Liabilities ($ Million) > Disbursements ($ Million),Disbursements ($ Million),2,2024-25,9544,2002-03,1389,23
9,Trade and Payments,تجارت و تراز پرداخت‌ها,Financial Derivatives (other than reserves) and ESOs* ($ Million) > Net Incurrence of Liabilities ($ Million) > Disbursements Credit and Loans with the IMF (Other than Reserves) ($ Million),Disbursements Credit and Loans with the IMF (Other than Reserves) ($ Million),2,2024-25,0,2002-03,0,23
9,Trade and Payments,تجارت و تراز پرداخت‌ها,Financial Derivatives (other than reserves) and ESOs* ($ Million) > Net Incurrence of Liabilities ($ Million) > Disbursements Other Long Term ($ Million),Disbursements Other Long Term ($ Million),2,2024-25,8792,2002-03,1202,23
9,Trade and Payments,تجارت و تراز پرداخت‌ها,Financial Derivatives (other than reserves) and ESOs* ($ Million) > Net Incurrence of Liabilities ($ Million) > Disbursements Short Term ($ Million),Disbursements Short Term ($ Million),2,2024-25,752,2002-03,187,23
9,Trade and Payments,تجارت و تراز پرداخت‌ها,Financial Derivatives (other than reserves) and ESOs* ($ Million) > Net Incurrence of Liabilities ($ Million) > Amortization ($ Million),Amortization ($ Million),2,2024-25,7643,2002-03,2788,23
9,Trade and Payments,تجارت و تراز پرداخت‌ها,Financial Derivatives (other than reserves) and ESOs* ($ Million) > Net Incurrence of Liabilities ($ Million) > Amortization Credit and Loans with the IMF (Other than Reserves) ($ Million),Amortization Credit and Loans with the IMF (Other than Reserves) ($ Million),2,2024-25,906,2002-03,0,23
9,Trade and Payments,تجارت و تراز پرداخت‌ها,Financial Derivatives (other than reserves) and ESOs* ($ Million) > Net Incurrence of Liabilities ($ Million) > Amortization Other Long Term ($ Million),Amortization Other Long Term ($ Million),2,2024-25,6487,2002-03,2421,23
9,Trade and Payments,تجارت و تراز پرداخت‌ها,Financial Derivatives (other than reserves) and ESOs* ($ Million) > Net Incurrence of Liabilities ($ Million) > Amortization Short Term ($ Million),Amortization Short Term ($ Million),2,2024-25,250,2002-03,367,23
9,Trade and Payments,تجارت و تراز پرداخت‌ها,Financial Derivatives (other than reserves) and ESOs* ($ Million) > Net Incurrence of Liabilities ($ Million) > Other Liabilities (Net) ($ Million),Other Liabilities (Net) ($ Million),2,2024-25,445,2002-03,-20,23
9,Trade and Payments,تجارت و تراز پرداخت‌ها,Net Errors and Omissions ($ Million),Net Errors and Omissions ($ Million),0,2024-25,152,2002-03,523,23
9,Trade and Payments,تجارت و تراز پرداخت‌ها,Overall Balance ($ Million),Overall Balance ($ Million),0,2024-25,-3744,2002-03,-5239,23
9,Trade and Payments,تجارت و تراز پرداخت‌ها,Reserves and Related Items ($ Million),Reserves and Related Items ($ Million),0,2024-25,3744,2002-03,5239,23
9,Trade and Payments,تجارت و تراز پرداخت‌ها,Reserves and Related Items ($ Million) > Reserve Assets ($ Million),Reserve Assets ($ Million),1,2024-25,5177,2002-03,5911,23
9,Trade and Payments,تجارت و تراز پرداخت‌ها,Reserves and Related Items ($ Million) > Use of Fund Credit and Loans ($ Million),Use of Fund Credit and Loans ($ Million),1,2024-25,1433,2002-03,52,23
9,Trade and Payments,تجارت و تراز پرداخت‌ها,Reserves and Related Items ($ Million) > Exceptional Financing ($ Million),Exceptional Financing ($ Million),1,2024-25,0,2002-03,620,23
9,Trade and Payments,تجارت و تراز پرداخت‌ها,SBP Gross Reserves ($ Million),SBP Gross Reserves ($ Million),0,2024-25,15836,1995-96,2055,30
9,Trade and Payments,تجارت و تراز پرداخت‌ها,Exports (as % of GDP),Exports (as % of GDP),0,2024-25,7.8,1970-71,4.4,55
9,Trade and Payments,تجارت و تراز پرداخت‌ها,Imports (as % of GDP),Imports (as % of GDP),0,2024-25,14.3,1970-71,6.9,55
9,Trade and Payments,تجارت و تراز پرداخت‌ها,Trade Deficit (as % of GDP),Trade Deficit (as % of GDP),0,2024-25,6.5,1970-71,-2.6,55
9,Trade and Payments,تجارت و تراز پرداخت‌ها,Workers Remittances (as % of GDP),Workers Remittances (as % of GDP),0,2024-25,9.4,1972-73,1,53
9,Trade and Payments,تجارت و تراز پرداخت‌ها,Current Acount balance (as % of GDP),Current Acount balance (as % of GDP),0,2024-25,0.5,1995-96,-4.8,30
9,Trade and Payments,تجارت و تراز پرداخت‌ها,Exports (RS Million),Exports (RS Million),0,2024-25,8947880.5,1947-48,444,78
9,Trade and Payments,تجارت و تراز پرداخت‌ها,Imports (RS Million),Imports (RS Million),0,2024-25,16306752.75,1947-48,319,78
9,Trade and Payments,تجارت و تراز پرداخت‌ها,Balance (RS Million),Balance (RS Million),0,2024-25,-7358872.247,1947-48,125,78
9,Trade and Payments,تجارت و تراز پرداخت‌ها,Exports (Growth Rate (%)),Exports (Growth Rate (%)),0,2024-25,3.16,1948-49,22.07,77
9,Trade and Payments,تجارت و تراز پرداخت‌ها,Imports (Growth Rate (%)),Imports (Growth Rate (%)),0,2024-25,5.33,1948-49,268.97,77
9,Trade and Payments,تجارت و تراز پرداخت‌ها,Balance (Growth Rate (%)),Balance (Growth Rate (%)),0,2024-25,8.09,1948-49,-608,77
9,Trade and Payments,تجارت و تراز پرداخت‌ها,Exports ($ Million),Exports ($ Million),0,2024-25,32343,1948-49,163.9,77
9,Trade and Payments,تجارت و تراز پرداخت‌ها,Imports ($ Million),Imports ($ Million),0,2024-25,59146,1948-49,355.5,77
9,Trade and Payments,تجارت و تراز پرداخت‌ها,Balance ($ Million),Balance ($ Million),0,2024-25,-26803,1948-49,-192,77
9,Trade and Payments,تجارت و تراز پرداخت‌ها,Exports in $ (Growth Rate (%)),Exports in $ (Growth Rate (%)),0,2024-25,4.4,1949-50,-1.34,76
9,Trade and Payments,تجارت و تراز پرداخت‌ها,Imports in $ (Growth Rate (%)),Imports in $ (Growth Rate (%)),0,2024-25,11.3,1949-50,-22.48,76
9,Trade and Payments,تجارت و تراز پرداخت‌ها,Balance in $ (Growth Rate (%)),Balance in $ (Growth Rate (%)),0,2024-25,20.6,1949-50,-40.55,76
9,Trade and Payments,تجارت و تراز پرداخت‌ها,UNIT VALUE INDICES AND TERMS OF TRADE (T.O.T) (1990-91 = 100),UNIT VALUE INDICES AND TERMS OF TRADE (T.O.T) (1990-91 = 100),0,,,,,0
9,Trade and Payments,تجارت و تراز پرداخت‌ها,"UNIT VALUE INDICES AND TERMS OF TRADE (T.O.T) (1990-91 = 100) > All Groups, Exports","All Groups, Exports",1,2024-25,1877.25,1955-56,112.43,70
9,Trade and Payments,تجارت و تراز پرداخت‌ها,"UNIT VALUE INDICES AND TERMS OF TRADE (T.O.T) (1990-91 = 100) > All Groups, Imports","All Groups, Imports",1,2024-25,2339.01,1955-56,139.57,70
9,Trade and Payments,تجارت و تراز پرداخت‌ها,"UNIT VALUE INDICES AND TERMS OF TRADE (T.O.T) (1990-91 = 100) > All Groups, T.O.T.","All Groups, T.O.T.",1,2024-25,80.26,1955-56,80.55,70
9,Trade and Payments,تجارت و تراز پرداخت‌ها,"UNIT VALUE INDICES AND TERMS OF TRADE (T.O.T) (1990-91 = 100) > Food & Live Animals, Exports","Food & Live Animals, Exports",1,2024-25,2207.97,1955-56,88.9,70
9,Trade and Payments,تجارت و تراز پرداخت‌ها,"UNIT VALUE INDICES AND TERMS OF TRADE (T.O.T) (1990-91 = 100) > Food & Live Animals, Imports","Food & Live Animals, Imports",1,2024-25,2027.81,1955-56,154.55,70
9,Trade and Payments,تجارت و تراز پرداخت‌ها,"UNIT VALUE INDICES AND TERMS OF TRADE (T.O.T) (1990-91 = 100) > Food & Live Animals, T.O.T.","Food & Live Animals, T.O.T.",1,2024-25,108.88,1955-56,57.52,70
9,Trade and Payments,تجارت و تراز پرداخت‌ها,"UNIT VALUE INDICES AND TERMS OF TRADE (T.O.T) (1990-91 = 100) > Beverages & Tobacco, Exports","Beverages & Tobacco, Exports",1,2024-25,1378.08,1970-71,91.68,55
9,Trade and Payments,تجارت و تراز پرداخت‌ها,"UNIT VALUE INDICES AND TERMS OF TRADE (T.O.T) (1990-91 = 100) > Beverages & Tobacco, Imports","Beverages & Tobacco, Imports",1,2024-25,1995.2,1970-71,111.23,55
9,Trade and Payments,تجارت و تراز پرداخت‌ها,"UNIT VALUE INDICES AND TERMS OF TRADE (T.O.T) (1990-91 = 100) > Beverages & Tobacco, T.O.T.","Beverages & Tobacco, T.O.T.",1,2024-25,69.07,1970-71,82.42,55
9,Trade and Payments,تجارت و تراز پرداخت‌ها,"UNIT VALUE INDICES AND TERMS OF TRADE (T.O.T) (1990-91 = 100) > Crude Materials (Inedible except fuels), Exports","Crude Materials (Inedible except fuels), Exports",1,2024-25,1824.29,1955-56,117.57,70
9,Trade and Payments,تجارت و تراز پرداخت‌ها,"UNIT VALUE INDICES AND TERMS OF TRADE (T.O.T) (1990-91 = 100) > Crude Materials (Inedible except fuels), Imports","Crude Materials (Inedible except fuels), Imports",1,2024-25,1976.72,1955-56,171.83,70
9,Trade and Payments,تجارت و تراز پرداخت‌ها,"UNIT VALUE INDICES AND TERMS OF TRADE (T.O.T) (1990-91 = 100) > Crude Materials (Inedible except fuels), T.O.T.","Crude Materials (Inedible except fuels), T.O.T.",1,2024-25,92.29,1955-56,68.42,70
9,Trade and Payments,تجارت و تراز پرداخت‌ها,"UNIT VALUE INDICES AND TERMS OF TRADE (T.O.T) (1990-91 = 100) > Minerals, Fuels & Lubricants, Exports","Minerals, Fuels & Lubricants, Exports",1,2024-25,2813.25,1970-71,106.78,55
9,Trade and Payments,تجارت و تراز پرداخت‌ها,"UNIT VALUE INDICES AND TERMS OF TRADE (T.O.T) (1990-91 = 100) > Minerals, Fuels & Lubricants, Imports","Minerals, Fuels & Lubricants, Imports",1,2024-25,2645.26,1955-56,137.01,70
9,Trade and Payments,تجارت و تراز پرداخت‌ها,"UNIT VALUE INDICES AND TERMS OF TRADE (T.O.T) (1990-91 = 100) > Minerals, Fuels & Lubricants, T.O.T.","Minerals, Fuels & Lubricants, T.O.T.",1,2024-25,106.35,1970-71,93.27,55
9,Trade and Payments,تجارت و تراز پرداخت‌ها,"UNIT VALUE INDICES AND TERMS OF TRADE (T.O.T) (1990-91 = 100) > Animal & Vegetable, Oil, Fats & Waxes - Exports","Animal & Vegetable, Oil, Fats & Waxes - Exports",1,,,,,0
9,Trade and Payments,تجارت و تراز پرداخت‌ها,"UNIT VALUE INDICES AND TERMS OF TRADE (T.O.T) (1990-91 = 100) > Animal & Vegetable, Oil, Fats & Waxes - Imports","Animal & Vegetable, Oil, Fats & Waxes - Imports",1,2024-25,2592.16,1955-56,119.72,70
9,Trade and Payments,تجارت و تراز پرداخت‌ها,"UNIT VALUE INDICES AND TERMS OF TRADE (T.O.T) (1990-91 = 100) > Animal & Vegetable, Oil, Fats & Waxes - T.O.T.","Animal & Vegetable, Oil, Fats & Waxes - T.O.T.",1,,,,,0
9,Trade and Payments,تجارت و تراز پرداخت‌ها,"UNIT VALUE INDICES AND TERMS OF TRADE (T.O.T) (1990-91 = 100) > Chemicals, Exports","Chemicals, Exports",1,2024-25,1342,1970-71,121.81,55
9,Trade and Payments,تجارت و تراز پرداخت‌ها,"UNIT VALUE INDICES AND TERMS OF TRADE (T.O.T) (1990-91 = 100) > Chemicals, Imports","Chemicals, Imports",1,2024-25,2070.4,1955-56,118.2,70
9,Trade and Payments,تجارت و تراز پرداخت‌ها,"UNIT VALUE INDICES AND TERMS OF TRADE (T.O.T) (1990-91 = 100) > Chemicals, T.O.T.","Chemicals, T.O.T.",1,2024-25,64.8,1970-71,119.28,55
9,Trade and Payments,تجارت و تراز پرداخت‌ها,"UNIT VALUE INDICES AND TERMS OF TRADE (T.O.T) (1990-91 = 100) > Manufactured Goods, Exports","Manufactured Goods, Exports",1,2024-25,1829.7,1955-56,138.69,70
9,Trade and Payments,تجارت و تراز پرداخت‌ها,"UNIT VALUE INDICES AND TERMS OF TRADE (T.O.T) (1990-91 = 100) > Manufactured Goods, Imports","Manufactured Goods, Imports",1,2024-25,2294,1955-56,144.83,70
9,Trade and Payments,تجارت و تراز پرداخت‌ها,"UNIT VALUE INDICES AND TERMS OF TRADE (T.O.T) (1990-91 = 100) > Manufactured Goods, T.O.T.","Manufactured Goods, T.O.T.",1,2024-25,79.8,1955-56,95.76,70
9,Trade and Payments,تجارت و تراز پرداخت‌ها,"UNIT VALUE INDICES AND TERMS OF TRADE (T.O.T) (1990-91 = 100) > Machinery , Transport & Equipment, Exports","Machinery , Transport & Equipment, Exports",1,2024-25,1792.3,1970-71,92.66,51
9,Trade and Payments,تجارت و تراز پرداخت‌ها,"UNIT VALUE INDICES AND TERMS OF TRADE (T.O.T) (1990-91 = 100) > Machinery , Transport & Equipment, Imports","Machinery , Transport & Equipment, Imports",1,2024-25,2327.8,1955-56,135.14,70
9,Trade and Payments,تجارت و تراز پرداخت‌ها,"UNIT VALUE INDICES AND TERMS OF TRADE (T.O.T) (1990-91 = 100) > Machinery , Transport & Equipment, T.O.T.","Machinery , Transport & Equipment, T.O.T.",1,2024-25,77,1970-71,70.54,55
9,Trade and Payments,تجارت و تراز پرداخت‌ها,"UNIT VALUE INDICES AND TERMS OF TRADE (T.O.T) (1990-91 = 100) > Miscellaneous Manufactured Articles, Exports","Miscellaneous Manufactured Articles, Exports",1,2024-25,1803.2,1955-56,114.32,61
9,Trade and Payments,تجارت و تراز پرداخت‌ها,"UNIT VALUE INDICES AND TERMS OF TRADE (T.O.T) (1990-91 = 100) > Miscellaneous Manufactured Articles, Imports","Miscellaneous Manufactured Articles, Imports",1,2024-25,2186.6,1955-56,98.03,70
9,Trade and Payments,تجارت و تراز پرداخت‌ها,"UNIT VALUE INDICES AND TERMS OF TRADE (T.O.T) (1990-91 = 100) > Miscellaneous Manufactured Articles, T.O.T.","Miscellaneous Manufactured Articles, T.O.T.",1,2024-25,82.5,1955-56,116.62,52
9,Trade and Payments,تجارت و تراز پرداخت‌ها,Economic Classification of Exports,Economic Classification of Exports,0,2004-05,94.47,2001-02,93.15,4
9,Trade and Payments,تجارت و تراز پرداخت‌ها,"Economic Classification of Exports > Primary commodities, Value(Rs Million)","Primary commodities, Value(Rs Million)",1,2024-25,1638592.648,1969-70,532,56
9,Trade and Payments,تجارت و تراز پرداخت‌ها,"Economic Classification of Exports > Primary commodities, Percentage Share","Primary commodities, Percentage Share",1,2024-25,18,1969-70,33,56
9,Trade and Payments,تجارت و تراز پرداخت‌ها,"Economic Classification of Exports > Semi-Manufactured, Value(Rs Million)","Semi-Manufactured, Value(Rs Million)",1,2024-25,552047.1519,1969-70,375,56
9,Trade and Payments,تجارت و تراز پرداخت‌ها,"Economic Classification of Exports > Semi-Manufactured, Percentage Share","Semi-Manufactured, Percentage Share",1,2024-25,6,1969-70,23,56
9,Trade and Payments,تجارت و تراز پرداخت‌ها,"Economic Classification of Exports > Manufactured Goods, Value(Rs Million)","Manufactured Goods, Value(Rs Million)",1,2024-25,6757240.7,1969-70,702,56
9,Trade and Payments,تجارت و تراز پرداخت‌ها,"Economic Classification of Exports > Manufactured Goods, Percentage Share","Manufactured Goods, Percentage Share",1,2024-25,76,1969-70,44,56
9,Trade and Payments,تجارت و تراز پرداخت‌ها,Economic Classification of Exports > Total Value (Rs Million),Total Value (Rs Million),1,2024-25,8947880.5,1969-70,1609,56
9,Trade and Payments,تجارت و تراز پرداخت‌ها,Economic Classification of Imports,Economic Classification of Imports,0,,,,,0
9,Trade and Payments,تجارت و تراز پرداخت‌ها,"Economic Classification of Imports > Capital Goods, Value(Rs Million)","Capital Goods, Value(Rs Million)",1,2024-25,2431083.876,1969-70,1655,56
9,Trade and Payments,تجارت و تراز پرداخت‌ها,"Economic Classification of Imports > Capital Goods, Percentage Share","Capital Goods, Percentage Share",1,2024-25,15,1969-70,50,56
9,Trade and Payments,تجارت و تراز پرداخت‌ها,"Economic Classification of Imports > Industrial Raw Material for Capital Goods, Value(Rs Million)","Industrial Raw Material for Capital Goods, Value(Rs Million)",1,2024-25,2531891.376,1969-70,344,56
9,Trade and Payments,تجارت و تراز پرداخت‌ها,"Economic Classification of Imports > Industrial Raw Material for Capital Goods, Percentage Share","Industrial Raw Material for Capital Goods, Percentage Share",1,2024-25,16,1969-70,10,56
9,Trade and Payments,تجارت و تراز پرداخت‌ها,"Economic Classification of Imports > Industrial Raw Material for Consumer Goods, Value(Rs Million)","Industrial Raw Material for Consumer Goods, Value(Rs Million)",1,2024-25,8228767.725,1969-70,957,56
9,Trade and Payments,تجارت و تراز پرداخت‌ها,"Economic Classification of Imports > Industrial Raw Material for Consumer Goods, Percentage Share","Industrial Raw Material for Consumer Goods, Percentage Share",1,2024-25,50,1969-70,29,56
9,Trade and Payments,تجارت و تراز پرداخت‌ها,"Economic Classification of Imports > Consumer Goods, Value(Rs Million)","Consumer Goods, Value(Rs Million)",1,2024-25,3115009.77,1969-70,329,56
9,Trade and Payments,تجارت و تراز پرداخت‌ها,"Economic Classification of Imports > Consumer Goods, Percentage Share","Consumer Goods, Percentage Share",1,2024-25,19,1969-70,10,56
9,Trade and Payments,تجارت و تراز پرداخت‌ها,Economic Classification of Imports > Total Value (Rs Million),Total Value (Rs Million),1,2024-25,16306752.75,1969-70,3285,56
9,Trade and Payments,تجارت و تراز پرداخت‌ها,Worker's Remittances ($ Million),Worker's Remittances ($ Million),0,,,,,0
9,Trade and Payments,تجارت و تراز پرداخت‌ها,Worker's Remittances ($ Million) > Cash Flow ($ Million),Cash Flow ($ Million),1,2024-25,38299.16,1972-73,136,53
9,Trade and Payments,تجارت و تراز پرداخت‌ها,Worker's Remittances ($ Million) > Bahrain ($ Million),Bahrain ($ Million),1,2024-25,484.18,1972-73,2.46,53
9,Trade and Payments,تجارت و تراز پرداخت‌ها,Worker's Remittances ($ Million) > Canada ($ Million),Canada ($ Million),1,2024-25,659.96,1972-73,2.12,53
9,Trade and Payments,تجارت و تراز پرداخت‌ها,Worker's Remittances ($ Million) > Germany ($ Million),Germany ($ Million),1,2024-25,739.77,1972-73,1.32,53
9,Trade and Payments,تجارت و تراز پرداخت‌ها,Worker's Remittances ($ Million) > Japan ($ Million),Japan ($ Million),1,2024-25,62.28,1972-73,2.22,53
9,Trade and Payments,تجارت و تراز پرداخت‌ها,Worker's Remittances ($ Million) > Kuwait ($ Million),Kuwait ($ Million),1,2024-25,854.59,1972-73,7.04,53
9,Trade and Payments,تجارت و تراز پرداخت‌ها,Worker's Remittances ($ Million) > Norway ($ Million),Norway ($ Million),1,2024-25,123.62,1972-73,0.67,53
9,Trade and Payments,تجارت و تراز پرداخت‌ها,Worker's Remittances ($ Million) > Qatar ($ Million),Qatar ($ Million),1,2024-25,1056.6,1972-73,2.17,53
9,Trade and Payments,تجارت و تراز پرداخت‌ها,Worker's Remittances ($ Million) > Saudi Arabia ($ Million),Saudi Arabia ($ Million),1,2024-25,9345.36,1972-73,7.87,53
9,Trade and Payments,تجارت و تراز پرداخت‌ها,Worker's Remittances ($ Million) > Sultanat-e-Oman ($ Million),Sultanat-e-Oman ($ Million),1,2024-25,1316.44,1972-73,12.2,53
9,Trade and Payments,تجارت و تراز پرداخت‌ها,Worker's Remittances ($ Million) > UAE ($ Million),UAE ($ Million),1,2024-25,7829.18,1974-75,22.34,51
9,Trade and Payments,تجارت و تراز پرداخت‌ها,"Worker's Remittances ($ Million) > UAE, Abu Dhabi ($ Million)","UAE, Abu Dhabi ($ Million)",1,2024-25,1595.72,1974-75,10.54,51
9,Trade and Payments,تجارت و تراز پرداخت‌ها,"Worker's Remittances ($ Million) > UAE, Dubai ($ Million)","UAE, Dubai ($ Million)",1,2024-25,6093.47,1974-75,9.92,51
9,Trade and Payments,تجارت و تراز پرداخت‌ها,"Worker's Remittances ($ Million) > UAE, Sharjah ($ Million)","UAE, Sharjah ($ Million)",1,2024-25,61.57,1974-75,1.88,51
9,Trade and Payments,تجارت و تراز پرداخت‌ها,"Worker's Remittances ($ Million) > UAE, Other ($ Million)","UAE, Other ($ Million)",1,2024-25,78.42,1991-92,0,34
9,Trade and Payments,تجارت و تراز پرداخت‌ها,Worker's Remittances ($ Million) > U.K. ($ Million),U.K. ($ Million),1,2024-25,5904.93,1972-73,72.13,53
9,Trade and Payments,تجارت و تراز پرداخت‌ها,Worker's Remittances ($ Million) > USA ($ Million),USA ($ Million),1,2024-25,3720.37,1972-73,9.98,53
9,Trade and Payments,تجارت و تراز پرداخت‌ها,Worker's Remittances ($ Million) > Other Countries ($ Million),Other Countries ($ Million),1,2024-25,6201.86,1972-73,15.82,53
9,Trade and Payments,تجارت و تراز پرداخت‌ها,Worker's Remittances ($ Million) > Encashment * ($ Million),Encashment * ($ Million),1,2024-25,0,1990-91,221.37,35
9,Trade and Payments,تجارت و تراز پرداخت‌ها,Worker's Remittances ($ Million) > TOTAL ($ Million),TOTAL ($ Million),1,2024-25,38299.16,1972-73,136,53
9,Trade and Payments,تجارت و تراز پرداخت‌ها,Worker's Remittances (% Share),Worker's Remittances (% Share),0,,,,,0
9,Trade and Payments,تجارت و تراز پرداخت‌ها,Worker's Remittances (% Share) > Cash Flow,Cash Flow,1,,,,,0
9,Trade and Payments,تجارت و تراز پرداخت‌ها,Worker's Remittances (% Share) > Bahrain (% Share),Bahrain (% Share),1,2024-25,1.264211361,1972-73,1.81,53
9,Trade and Payments,تجارت و تراز پرداخت‌ها,Worker's Remittances (% Share) > Canada (% Share),Canada (% Share),1,2024-25,1.723178314,1972-73,1.56,53
9,Trade and Payments,تجارت و تراز پرداخت‌ها,Worker's Remittances (% Share) > Germany (% Share),Germany (% Share),1,2024-25,1.93154931,1972-73,0.97,53
9,Trade and Payments,تجارت و تراز پرداخت‌ها,Worker's Remittances (% Share) > Japan (% Share),Japan (% Share),1,2024-25,0.162618132,1972-73,1.63,52
9,Trade and Payments,تجارت و تراز پرداخت‌ها,Worker's Remittances (% Share) > Kuwait (% Share),Kuwait (% Share),1,2024-25,2.231363868,1972-73,5.18,53
9,Trade and Payments,تجارت و تراز پرداخت‌ها,Worker's Remittances (% Share) > Norway (% Share),Norway (% Share),1,2024-25,0.322750397,1972-73,0.49,53
9,Trade and Payments,تجارت و تراز پرداخت‌ها,Worker's Remittances (% Share) > Qatar (% Share),Qatar (% Share),1,2024-25,2.758813421,1972-73,1.6,53
9,Trade and Payments,تجارت و تراز پرداخت‌ها,Worker's Remittances (% Share) > Saudi Arabia (% Share),Saudi Arabia (% Share),1,2024-25,24.40093611,1972-73,5.79,53
9,Trade and Payments,تجارت و تراز پرداخت‌ها,Worker's Remittances (% Share) > Sultanat-e-Oman (% Share),Sultanat-e-Oman (% Share),1,2024-25,3.437265553,1972-73,8.97,53
9,Trade and Payments,تجارت و تراز پرداخت‌ها,Worker's Remittances (% Share) > UAE (% Share),UAE (% Share),1,2024-25,20.4421735,1972-73,0,53
9,Trade and Payments,تجارت و تراز پرداخت‌ها,"Worker's Remittances (% Share) > UAE, Abu Dhabi (% Share)","UAE, Abu Dhabi (% Share)",1,2024-25,4.166467081,1972-73,0,53
9,Trade and Payments,تجارت و تراز پرداخت‌ها,"Worker's Remittances (% Share) > UAE, Dubai (% Share)","UAE, Dubai (% Share)",1,2024-25,15.91019733,1972-73,0,53
9,Trade and Payments,تجارت و تراز پرداخت‌ها,"Worker's Remittances (% Share) > UAE, Sharjah (% Share)","UAE, Sharjah (% Share)",1,2024-25,0.16074497,1972-73,0,53
9,Trade and Payments,تجارت و تراز پرداخت‌ها,"Worker's Remittances (% Share) > UAE, Other (% Share)","UAE, Other (% Share)",1,2024-25,0.204764126,1972-73,0,36
9,Trade and Payments,تجارت و تراز پرداخت‌ها,Worker's Remittances (% Share) > U.K. (% Share),U.K. (% Share),1,2024-25,15.41792802,1972-73,53.04,53
9,Trade and Payments,تجارت و تراز پرداخت‌ها,Worker's Remittances (% Share) > USA (% Share),USA (% Share),1,2024-25,9.713977093,1972-73,7.34,53
9,Trade and Payments,تجارت و تراز پرداخت‌ها,Worker's Remittances (% Share) > Other Countries (% Share),Other Countries (% Share),1,2024-25,2.260655529,1972-73,11.63,53
9,Trade and Payments,تجارت و تراز پرداخت‌ها,Worker's Remittances (% Share) > Encashment * (% share),Encashment * (% share),1,2022-23,100,1972-73,0,51
9,Trade and Payments,تجارت و تراز پرداخت‌ها,Worker's Remittances (% Share) > Total (% share),Total (% share),1,2024-25,100,1972-73,100,35
9,Trade and Payments,تجارت و تراز پرداخت‌ها,Exchange Rate Position (Pakistan Rupees in Terms of One Unit of Selected Foreign Currencies),Exchange Rate Position (Pakistan Rupees in Terms of One Unit of Selected Foreign Currencies),0,,,,,0
9,Trade and Payments,تجارت و تراز پرداخت‌ها,"Exchange Rate Position (Pakistan Rupees in Terms of One Unit of Selected Foreign Currencies) > Australia (Dollar, Average During the Year)","Australia (Dollar, Average During the Year)",1,2024-25,180.8353486,1957-58,5.342065,68
9,Trade and Payments,تجارت و تراز پرداخت‌ها,"Exchange Rate Position (Pakistan Rupees in Terms of One Unit of Selected Foreign Currencies) > Bangladesh (Taka, Average During the Year)","Bangladesh (Taka, Average During the Year)",1,2024-25,2.391481833,1982-83,0.4656,43
9,Trade and Payments,تجارت و تراز پرداخت‌ها,"Exchange Rate Position (Pakistan Rupees in Terms of One Unit of Selected Foreign Currencies) > Canada (Dollar, Average During the Year)","Canada (Dollar, Average During the Year)",1,2024-25,200.2103359,1957-58,4.93274,68
9,Trade and Payments,تجارت و تراز پرداخت‌ها,"Exchange Rate Position (Pakistan Rupees in Terms of One Unit of Selected Foreign Currencies) > China (Yuan, Average During the Year)","China (Yuan, Average During the Year)",1,2024-25,38.72658729,1957-58,1.937477,68
9,Trade and Payments,تجارت و تراز پرداخت‌ها,"Exchange Rate Position (Pakistan Rupees in Terms of One Unit of Selected Foreign Currencies) > Denmark (Krone, Average During the Year)","Denmark (Krone, Average During the Year)",1,2024-25,40.76677087,1957-58,0.690546,65
9,Trade and Payments,تجارت و تراز پرداخت‌ها,"Exchange Rate Position (Pakistan Rupees in Terms of One Unit of Selected Foreign Currencies) > Hong Kong (Dollar, Average During the Year)","Hong Kong (Dollar, Average During the Year)",1,2024-25,35.87473665,1981-82,1.92455,44
9,Trade and Payments,تجارت و تراز پرداخت‌ها,"Exchange Rate Position (Pakistan Rupees in Terms of One Unit of Selected Foreign Currencies) > India (Rupee, Average During the Year)","India (Rupee, Average During the Year)",1,2024-25,3.281013917,1982-83,1.3005,43
9,Trade and Payments,تجارت و تراز پرداخت‌ها,"Exchange Rate Position (Pakistan Rupees in Terms of One Unit of Selected Foreign Currencies) > Iran (Rial, Average During the Year)","Iran (Rial, Average During the Year)",1,2024-25,0.0066905,1982-83,0.1491,43
9,Trade and Payments,تجارت و تراز پرداخت‌ها,"Exchange Rate Position (Pakistan Rupees in Terms of One Unit of Selected Foreign Currencies) > Japan (Yen, Average During the Year)","Japan (Yen, Average During the Year)",1,2024-25,1.870182206,1957-58,0.01325,68
9,Trade and Payments,تجارت و تراز پرداخت‌ها,"Exchange Rate Position (Pakistan Rupees in Terms of One Unit of Selected Foreign Currencies) > Kuwait (Dinar, Average During the Year)","Kuwait (Dinar, Average During the Year)",1,2024-25,909.2297148,1957-58,13.3552,68
9,Trade and Payments,تجارت و تراز پرداخت‌ها,"Exchange Rate Position (Pakistan Rupees in Terms of One Unit of Selected Foreign Currencies) > Malaysia (Ringgit, Average During the Year)","Malaysia (Ringgit, Average During the Year)",1,2024-25,63.47899467,1957-58,1.558104,68
9,Trade and Payments,تجارت و تراز پرداخت‌ها,"Exchange Rate Position (Pakistan Rupees in Terms of One Unit of Selected Foreign Currencies) > Nepal (Rupee, Average During the Year)","Nepal (Rupee, Average During the Year)",1,2024-25,2.095154583,1982-83,0.9305,43
9,Trade and Payments,تجارت و تراز پرداخت‌ها,"Exchange Rate Position (Pakistan Rupees in Terms of One Unit of Selected Foreign Currencies) > Norway (Krone, Average During the Year)","Norway (Krone, Average During the Year)",1,2024-25,25.95999137,1957-58,0.66776,68
9,Trade and Payments,تجارت و تراز پرداخت‌ها,"Exchange Rate Position (Pakistan Rupees in Terms of One Unit of Selected Foreign Currencies) > Singapore (Dollar, Average During the Year)","Singapore (Dollar, Average During the Year)",1,2024-25,210.8343532,1957-58,1.5581,68
9,Trade and Payments,تجارت و تراز پرداخت‌ها,"Exchange Rate Position (Pakistan Rupees in Terms of One Unit of Selected Foreign Currencies) > Sri Lanka (Rupee, Average During the Year)","Sri Lanka (Rupee, Average During the Year)",1,2024-25,0.926216917,1982-83,0.5851,43
9,Trade and Payments,تجارت و تراز پرداخت‌ها,"Exchange Rate Position (Pakistan Rupees in Terms of One Unit of Selected Foreign Currencies) > Sweden (Krona, Average During the Year)","Sweden (Krona, Average During the Year)",1,2024-25,26.98261755,1957-58,0.922,68
9,Trade and Payments,تجارت و تراز پرداخت‌ها,"Exchange Rate Position (Pakistan Rupees in Terms of One Unit of Selected Foreign Currencies) > Switzerland (Franc, Average During the Year)","Switzerland (Franc, Average During the Year)",1,2024-25,322.5859448,1957-58,1.09073,68
9,Trade and Payments,تجارت و تراز پرداخت‌ها,"Exchange Rate Position (Pakistan Rupees in Terms of One Unit of Selected Foreign Currencies) > Saudi Arabia (Riyal, Average During the Year)","Saudi Arabia (Riyal, Average During the Year)",1,2024-25,74.43112446,1957-58,1.27192,68
9,Trade and Payments,تجارت و تراز پرداخت‌ها,"Exchange Rate Position (Pakistan Rupees in Terms of One Unit of Selected Foreign Currencies) > Thailand (Baht, Average During the Year)","Thailand (Baht, Average During the Year)",1,2024-25,8.240639972,1957-58,0.256196,67
9,Trade and Payments,تجارت و تراز پرداخت‌ها,"Exchange Rate Position (Pakistan Rupees in Terms of One Unit of Selected Foreign Currencies) > UAE (Dirham, Average During the Year)","UAE (Dirham, Average During the Year)",1,2024-25,76.05550177,1965-66,1.0016,60
9,Trade and Payments,تجارت و تراز پرداخت‌ها,"Exchange Rate Position (Pakistan Rupees in Terms of One Unit of Selected Foreign Currencies) > UK (Pound, Average During the Year)","UK (Pound, Average During the Year)",1,2024-25,361.4749624,1957-58,13.34,68
9,Trade and Payments,تجارت و تراز پرداخت‌ها,"Exchange Rate Position (Pakistan Rupees in Terms of One Unit of Selected Foreign Currencies) > USA (Dollar, Average During the Year)","USA (Dollar, Average During the Year)",1,2024-25,279.3489689,1957-58,4.77,68
9,Trade and Payments,تجارت و تراز پرداخت‌ها,"Exchange Rate Position (Pakistan Rupees in Terms of One Unit of Selected Foreign Currencies) > EMU (Euro, Average During the Year)","EMU (Euro, Average During the Year)",1,2024-25,303.9653324,2001-02,54.9991,24
9,Trade and Payments,تجارت و تراز پرداخت‌ها,"Exchange Rate Position (Pakistan Rupees in Terms of One Unit of Selected Foreign Currencies) > IMF (SDR, Average During the Year)","IMF (SDR, Average During the Year)",1,2024-25,371.8092613,1957-58,4.7619,68
10,Public Debt,بدهی عمومی,Domestic Debt (Rs. billion),Domestic Debt (Rs. billion),0,2024-25,54472,1970-71,14,55
10,Public Debt,بدهی عمومی,External Debt (Rs. billion),External Debt (Rs. billion),0,2024-25,26047,1970-71,16,55
10,Public Debt,بدهی عمومی,Total Public Debt (Rs. billion),Total Public Debt (Rs. billion),0,2024-25,80518,1970-71,30,55
11,Education,آموزش,"Number of Educational Institutions By Kind, Level & Sex","Number of Educational Institutions By Kind, Level & Sex",0,,,,,0
11,Education,آموزش,"Number of Educational Institutions By Kind, Level & Sex > Primary Schools (000), Total","Primary Schools (000), Total",1,2024-25,155,1970-71,43.7,55
11,Education,آموزش,"Number of Educational Institutions By Kind, Level & Sex > Primary Schools (000), Female","Primary Schools (000), Female",1,2024-25,66.7,1970-71,12.1,55
11,Education,آموزش,"Number of Educational Institutions By Kind, Level & Sex > Middle Schools (000), Total","Middle Schools (000), Total",1,2024-25,43.9,1970-71,3.8,55
11,Education,آموزش,"Number of Educational Institutions By Kind, Level & Sex > Middle Schools (000), Female","Middle Schools (000), Female",1,2024-25,21.9,1970-71,0.9,55
11,Education,آموزش,"Number of Educational Institutions By Kind, Level & Sex > High Schools (000), Total","High Schools (000), Total",1,2024-25,48.7,1970-71,2.1,55
11,Education,آموزش,"Number of Educational Institutions By Kind, Level & Sex > High Schools (000), Female","High Schools (000), Female",1,2024-25,25.1,1970-71,0.5,55
11,Education,آموزش,"Number of Educational Institutions By Kind, Level & Sex > Technical & Vocational Institutions (Numbers), Total","Technical & Vocational Institutions (Numbers), Total",1,2024-25,4746,1970-71,206,55
11,Education,آموزش,"Number of Educational Institutions By Kind, Level & Sex > Technical & Vocational Institutions (Numbers), Female","Technical & Vocational Institutions (Numbers), Female",1,2024-25,1942,1970-71,97,55
11,Education,آموزش,"Number of Educational Institutions By Kind, Level & Sex > Higher Sec/Inter Colleges (Numbers), Total","Higher Sec/Inter Colleges (Numbers), Total",1,2024-25,13304,1970-71,314,55
11,Education,آموزش,"Number of Educational Institutions By Kind, Level & Sex > Higher Sec/Inter Colleges (Numbers), Female","Higher Sec/Inter Colleges (Numbers), Female",1,2024-25,6886,1970-71,87,55
11,Education,آموزش,"Number of Educational Institutions By Kind, Level & Sex > Degree Colleges (Numbers), Total","Degree Colleges (Numbers), Total",1,2024-25,2383,1970-71,73,55
11,Education,آموزش,"Number of Educational Institutions By Kind, Level & Sex > Degree Colleges (Numbers), Female","Degree Colleges (Numbers), Female",1,2024-25,1233,1970-71,6,55
11,Education,آموزش,"Number of Educational Institutions By Kind, Level & Sex > Universities (Numbers)",Universities (Numbers),1,2024-25,239,1970-71,7,55
11,Education,آموزش,"Enrolment in Educational Institutions By Kind, Level & Sex","Enrolment in Educational Institutions By Kind, Level & Sex",0,,,,,0
11,Education,آموزش,"Enrolment in Educational Institutions By Kind, Level & Sex > Primary Stage I-V (000), Total","Primary Stage I-V (000), Total",1,2024-25,25722,1970-71,3960,55
11,Education,آموزش,"Enrolment in Educational Institutions By Kind, Level & Sex > Primary Stage I-V (000), Female","Primary Stage I-V (000), Female",1,2024-25,12569,1970-71,1040,55
11,Education,آموزش,"Enrolment in Educational Institutions By Kind, Level & Sex > Middle Stage VI-VIII (000), Total","Middle Stage VI-VIII (000), Total",1,2024-25,11630,1970-71,933,55
11,Education,آموزش,"Enrolment in Educational Institutions By Kind, Level & Sex > Middle Stage VI-VIII (000), Female","Middle Stage VI-VIII (000), Female",1,2024-25,5631,1970-71,178,55
11,Education,آموزش,"Enrolment in Educational Institutions By Kind, Level & Sex > High Stage IX-X (000), Total","High Stage IX-X (000), Total",1,2024-25,5803,1970-71,336,55
11,Education,آموزش,"Enrolment in Educational Institutions By Kind, Level & Sex > High Stage IX-X (000), Female","High Stage IX-X (000), Female",1,2024-25,2712,1970-71,67,55
11,Education,آموزش,"Enrolment in Educational Institutions By Kind, Level & Sex > Technical &Vocational (000), Total","Technical &Vocational (000), Total",1,2024-25,463,1970-71,35,55
11,Education,آموزش,"Enrolment in Educational Institutions By Kind, Level & Sex > Technical &Vocational (000), Female","Technical &Vocational (000), Female",1,2024-25,161,1970-71,10,55
11,Education,آموزش,"Enrolment in Educational Institutions By Kind, Level & Sex > Higher Sec/Inter Colleges (000), Total","Higher Sec/Inter Colleges (000), Total",1,2024-25,3169,1970-71,199,55
11,Education,آموزش,"Enrolment in Educational Institutions By Kind, Level & Sex > Higher Sec/Inter Colleges (000), Female","Higher Sec/Inter Colleges (000), Female",1,2024-25,1639,1970-71,50,55
11,Education,آموزش,"Enrolment in Educational Institutions By Kind, Level & Sex > Degree Colleges (Numbers), Total","Degree Colleges (Numbers), Total",1,2024-25,941535,1970-71,37245,55
11,Education,آموزش,"Enrolment in Educational Institutions By Kind, Level & Sex > Degree Colleges (Numbers), Female","Degree Colleges (Numbers), Female",1,2024-25,585520,1970-71,4612,55
11,Education,آموزش,"Enrolment in Educational Institutions By Kind, Level & Sex > Universities (Numbers), Total","Universities (Numbers), Total",1,2024-25,1964147,1970-71,17057,55
11,Education,آموزش,"Enrolment in Educational Institutions By Kind, Level & Sex > Universities (Numbers), Female","Universities (Numbers), Female",1,2024-25,898410,1970-71,3703,55
11,Education,آموزش,"Number of Teachers in Educational Institutions By Kind, Level & Sex","Number of Teachers in Educational Institutions By Kind, Level & Sex",0,,,,,0
11,Education,آموزش,"Number of Teachers in Educational Institutions By Kind, Level & Sex > Primary Schools (000), Total","Primary Schools (000), Total",1,2024-25,431.5,1970-71,96.3,55
11,Education,آموزش,"Number of Teachers in Educational Institutions By Kind, Level & Sex > Primary Schools (000), Female","Primary Schools (000), Female",1,2024-25,222.1,1970-71,27.2,55
11,Education,آموزش,"Number of Teachers in Educational Institutions By Kind, Level & Sex > Middle Schools (000), Total","Middle Schools (000), Total",1,2024-25,432.9,1970-71,34.2,55
11,Education,آموزش,"Number of Teachers in Educational Institutions By Kind, Level & Sex > Middle Schools (000), Female","Middle Schools (000), Female",1,2024-25,297.4,1970-71,8.6,55
11,Education,آموزش,"Number of Teachers in Educational Institutions By Kind, Level & Sex > High Schools (000), Total","High Schools (000), Total",1,2024-25,903.7,1970-71,36.4,55
11,Education,آموزش,"Number of Teachers in Educational Institutions By Kind, Level & Sex > High Schools (000), Female","High Schools (000), Female",1,2024-25,589.2,1970-71,10.2,55
11,Education,آموزش,"Number of Teachers in Educational Institutions By Kind, Level & Sex > Technical & Vocational Institutions (Numbers), Total","Technical & Vocational Institutions (Numbers), Total",1,2024-25,51442,1970-71,2208,55
11,Education,آموزش,"Number of Teachers in Educational Institutions By Kind, Level & Sex > Technical & Vocational Institutions (Numbers), Female","Technical & Vocational Institutions (Numbers), Female",1,2024-25,5451,1970-71,532,55
11,Education,آموزش,"Number of Teachers in Educational Institutions By Kind, Level & Sex > Higher Sec/Inter Colleges (Numbers), Total","Higher Sec/Inter Colleges (Numbers), Total",1,2024-25,369811,1970-71,8823,55
11,Education,آموزش,"Number of Teachers in Educational Institutions By Kind, Level & Sex > Higher Sec/Inter Colleges (Numbers), Female","Higher Sec/Inter Colleges (Numbers), Female",1,2024-25,211452,1970-71,2695,55
11,Education,آموزش,"Number of Teachers in Educational Institutions By Kind, Level & Sex > Degree Colleges (Numbers), Total","Degree Colleges (Numbers), Total",1,2024-25,57971,1970-71,1868,55
11,Education,آموزش,"Number of Teachers in Educational Institutions By Kind, Level & Sex > Degree Colleges (Numbers), Female","Degree Colleges (Numbers), Female",1,2024-25,24267,1970-71,225,55
11,Education,آموزش,"Number of Teachers in Educational Institutions By Kind, Level & Sex > Universities (Numbers), Total","Universities (Numbers), Total",1,2024-25,102123,1970-71,1568,55
11,Education,آموزش,"Number of Teachers in Educational Institutions By Kind, Level & Sex > Universities (Numbers), Female","Universities (Numbers), Female",1,2002-03,1375,1970-71,137,33
12,Health and Nutrition,سلامت و تغذیه,Hospitals (Numbers),Hospitals (Numbers),0,2024-25,1934,1973-74,521,52
12,Health and Nutrition,سلامت و تغذیه,Dispensaries (Numbers),Dispensaries (Numbers),0,2024-25,6239,1973-74,2566,52
12,Health and Nutrition,سلامت و تغذیه,BHUs Sub Health Centres (Numbers),BHUs Sub Health Centres (Numbers),0,2024-25,5746,1973-74,255,52
12,Health and Nutrition,سلامت و تغذیه,Maternity & Child Health Centres (Numbers),Maternity & Child Health Centres (Numbers),0,2024-25,905,1973-74,662,52
12,Health and Nutrition,سلامت و تغذیه,Rural Health Centres (Numbers),Rural Health Centres (Numbers),0,2024-25,802,1973-74,90,52
12,Health and Nutrition,سلامت و تغذیه,TB Centres (Numbers),TB Centres (Numbers),0,2024-25,486,1973-74,84,52
12,Health and Nutrition,سلامت و تغذیه,Total Beds (Numbers),Total Beds (Numbers),0,2024-25,173971,1973-74,35655,52
12,Health and Nutrition,سلامت و تغذیه,Population per Bed (Numbers),Population per Bed (Numbers),0,2024-25,1328,1973-74,1848,52
12,Health and Nutrition,سلامت و تغذیه,Registered Doctors (Numbers),Registered Doctors (Numbers),0,2024-25,336582,1973-74,5138,52
12,Health and Nutrition,سلامت و تغذیه,Registered Dentists (Numbers),Registered Dentists (Numbers),0,2024-25,42118,1973-74,549,52
12,Health and Nutrition,سلامت و تغذیه,Registered Nurses (Numbers),Registered Nurses (Numbers),0,2024-25,138391,1974-75,946,51
12,Health and Nutrition,سلامت و تغذیه,Registered Mid-wifes (Numbers),Registered Mid-wifes (Numbers),0,2024-25,46801,1974-75,522,51
12,Health and Nutrition,سلامت و تغذیه,Registered Lady Health Visitors (Numbers),Registered Lady Health Visitors (Numbers),0,2024-25,29163,1974-75,51,51
12,Health and Nutrition,سلامت و تغذیه,Population per Doctor (Numbers),Population per Doctor (Numbers),0,2024-25,698,1973-74,12824,52
12,Health and Nutrition,سلامت و تغذیه,Population per dentist (Numbers),Population per dentist (Numbers),0,2024-25,5576,1973-74,120018,52
12,Health and Nutrition,سلامت و تغذیه,Dev-exp (Rs. Million),Dev-exp (Rs. Million),0,2024-25,161484,1973-74,363,52
12,Health and Nutrition,سلامت و تغذیه,Non-Dev-exp (Rs. Million),Non-Dev-exp (Rs. Million),0,2024-25,780704,1973-74,278,52
12,Health and Nutrition,سلامت و تغذیه,EPIVP (Calendar Year Basis) (Vaccine/doze.),EPIVP (Calendar Year Basis) (Vaccine/doze.),0,,,,,0
12,Health and Nutrition,سلامت و تغذیه,EPIVP (Calendar Year Basis) (Vaccine/doze.) > B.C.G. (000),B.C.G. (000),1,2024-25,6956,1990-91,4673.51,33
12,Health and Nutrition,سلامت و تغذیه,"EPIVP (Calendar Year Basis) (Vaccine/doze.) > POLIO, 0 (000)","POLIO, 0 (000)",1,2024-25,6263,1992-93,983.03,31
12,Health and Nutrition,سلامت و تغذیه,"EPIVP (Calendar Year Basis) (Vaccine/doze.) > POLIO, I (000)","POLIO, I (000)",1,2024-25,7038.9,1990-91,5478.6,33
12,Health and Nutrition,سلامت و تغذیه,"EPIVP (Calendar Year Basis) (Vaccine/doze.) > POLIO, II (000)","POLIO, II (000)",1,2024-25,6646.1,1990-91,4278.84,33
12,Health and Nutrition,سلامت و تغذیه,"EPIVP (Calendar Year Basis) (Vaccine/doze.) > POLIO, III (000)","POLIO, III (000)",1,2024-25,6609.8,1990-91,4018.12,33
12,Health and Nutrition,سلامت و تغذیه,"EPIVP (Calendar Year Basis) (Vaccine/doze.) > POLIO, IV (000)","POLIO, IV (000)",1,1995-96,291.47,1995-96,291.47,1
12,Health and Nutrition,سلامت و تغذیه,"EPIVP (Calendar Year Basis) (Vaccine/doze.) > POLIO, BR (000)","POLIO, BR (000)",1,2011-12,86.14,1990-91,1028.44,22
12,Health and Nutrition,سلامت و تغذیه,"EPIVP (Calendar Year Basis) (Vaccine/doze.) > COMBO, I (000)","COMBO, I (000)",1,2008-09,5071.73,2007-08,3999.76,2
12,Health and Nutrition,سلامت و تغذیه,"EPIVP (Calendar Year Basis) (Vaccine/doze.) > COMBO, II (000)","COMBO, II (000)",1,2008-09,4612.52,2007-08,3720.09,2
12,Health and Nutrition,سلامت و تغذیه,"EPIVP (Calendar Year Basis) (Vaccine/doze.) > COMBO, III (000)","COMBO, III (000)",1,,,,,0
12,Health and Nutrition,سلامت و تغذیه,"EPIVP (Calendar Year Basis) (Vaccine/doze.) > D.P.T, I (000)","D.P.T, I (000)",1,2005-06,4581.35,1994-95,4091.29,12
12,Health and Nutrition,سلامت و تغذیه,"EPIVP (Calendar Year Basis) (Vaccine/doze.) > D.P.T, II (000)","D.P.T, II (000)",1,2005-06,4126.6,1994-95,3646.72,12
12,Health and Nutrition,سلامت و تغذیه,"EPIVP (Calendar Year Basis) (Vaccine/doze.) > D.P.T, III (000)","D.P.T, III (000)",1,2008-09,4356.17,1994-95,3406.26,14
12,Health and Nutrition,سلامت و تغذیه,"EPIVP (Calendar Year Basis) (Vaccine/doze.) > PENTAVALENT, I (000)","PENTAVALENT, I (000)",1,2024-25,7038.8,2009-10,5924.99,14
12,Health and Nutrition,سلامت و تغذیه,"EPIVP (Calendar Year Basis) (Vaccine/doze.) > PENTAVALENT, II (000)","PENTAVALENT, II (000)",1,2024-25,6657.2,2009-10,5461.29,14
12,Health and Nutrition,سلامت و تغذیه,"EPIVP (Calendar Year Basis) (Vaccine/doze.) > PENTAVALENT, III (000)","PENTAVALENT, III (000)",1,2024-25,6619.3,2009-10,5338.52,14
12,Health and Nutrition,سلامت و تغذیه,"EPIVP (Calendar Year Basis) (Vaccine/doze.) > Tetanus Toxoid, I (000)","Tetanus Toxoid, I (000)",1,2024-25,4909.5,1990-91,5191.84,33
12,Health and Nutrition,سلامت و تغذیه,"EPIVP (Calendar Year Basis) (Vaccine/doze.) > Tetanus Toxoid, II (000)","Tetanus Toxoid, II (000)",1,2024-25,4832.8,1990-91,3670.42,33
12,Health and Nutrition,سلامت و تغذیه,"EPIVP (Calendar Year Basis) (Vaccine/doze.) > Tetanus Toxoid, III (000)","Tetanus Toxoid, III (000)",1,2024-25,1883.3,1992-93,745.97,31
12,Health and Nutrition,سلامت و تغذیه,"EPIVP (Calendar Year Basis) (Vaccine/doze.) > Tetanus Toxoid, IV (000)","Tetanus Toxoid, IV (000)",1,2024-25,229.3,1992-93,87.67,31
12,Health and Nutrition,سلامت و تغذیه,"EPIVP (Calendar Year Basis) (Vaccine/doze.) > Tetanus Toxoid, V (000)","Tetanus Toxoid, V (000)",1,2024-25,94.2,1992-93,13.45,31
12,Health and Nutrition,سلامت و تغذیه,"EPIVP (Calendar Year Basis) (Vaccine/doze.) > MEASLES, I (000)","MEASLES, I (000)",1,2024-25,6293.8,1990-91,4392.78,33
12,Health and Nutrition,سلامت و تغذیه,"EPIVP (Calendar Year Basis) (Vaccine/doze.) > MEASLES, II (000)","MEASLES, II (000)",1,2024-25,6525.5,2009-10,1806.31,13
12,Health and Nutrition,سلامت و تغذیه,"EPIVP (Calendar Year Basis) (Vaccine/doze.) > PNEUMOCOCCAL (PCV10), I (000)","PNEUMOCOCCAL (PCV10), I (000)",1,2024-25,6885.4,2014-15,5526.3,11
12,Health and Nutrition,سلامت و تغذیه,"EPIVP (Calendar Year Basis) (Vaccine/doze.) > PNEUMOCOCCAL (PCV10), II (000)","PNEUMOCOCCAL (PCV10), II (000)",1,2024-25,6510.4,2014-15,5197.4,11
12,Health and Nutrition,سلامت و تغذیه,"EPIVP (Calendar Year Basis) (Vaccine/doze.) > PNEUMOCOCCAL (PCV10), III (000)","PNEUMOCOCCAL (PCV10), III (000)",1,2024-25,6451.1,2014-15,5072.4,11
12,Health and Nutrition,سلامت و تغذیه,"EPIVP (Calendar Year Basis) (Vaccine/doze.) > PENTAVALENT (Vaccine/doze), I (000)","PENTAVALENT (Vaccine/doze), I (000)",1,2024-25,7038.8,2022-23,6950.9,3
12,Health and Nutrition,سلامت و تغذیه,"EPIVP (Calendar Year Basis) (Vaccine/doze.) > PENTAVALENT (Vaccine/doze),II (000)","PENTAVALENT (Vaccine/doze),II (000)",1,2024-25,6657.2,2022-23,6518.1,3
12,Health and Nutrition,سلامت و تغذیه,"EPIVP (Calendar Year Basis) (Vaccine/doze.) > PENTAVALENT (Vaccine/doze), III (000)","PENTAVALENT (Vaccine/doze), III (000)",1,2024-25,6619.3,2022-23,6532.5,3
12,Health and Nutrition,سلامت و تغذیه,Doctor Consulting Fee in Various Cities,Doctor Consulting Fee in Various Cities,0,,,,,0
12,Health and Nutrition,سلامت و تغذیه,Doctor Consulting Fee in Various Cities > Faisalabad (Rs),Faisalabad (Rs),1,2024-25,566.19,1973-74,15,52
12,Health and Nutrition,سلامت و تغذیه,Doctor Consulting Fee in Various Cities > Gujranwala (Rs),Gujranwala (Rs),1,2024-25,300,1973-74,15,51
12,Health and Nutrition,سلامت و تغذیه,Doctor Consulting Fee in Various Cities > Hyderabad (Rs),Hyderabad (Rs),1,2024-25,391.73,1973-74,20,52
12,Health and Nutrition,سلامت و تغذیه,Doctor Consulting Fee in Various Cities > Islamabad (Rs),Islamabad (Rs),1,2024-25,807.68,1973-74,18.75,51
12,Health and Nutrition,سلامت و تغذیه,Doctor Consulting Fee in Various Cities > Karachi (Rs),Karachi (Rs),1,2024-25,263.36,1973-74,20,52
12,Health and Nutrition,سلامت و تغذیه,Doctor Consulting Fee in Various Cities > Lahore (Rs),Lahore (Rs),1,2024-25,448.89,1973-74,15,52
12,Health and Nutrition,سلامت و تغذیه,Doctor Consulting Fee in Various Cities > Peshawar (Rs),Peshawar (Rs),1,2024-25,1243.83,1973-74,20,52
12,Health and Nutrition,سلامت و تغذیه,Doctor Consulting Fee in Various Cities > Quetta (Rs),Quetta (Rs),1,2024-25,343.4,1973-74,17.5,52
12,Health and Nutrition,سلامت و تغذیه,Doctor Consulting Fee in Various Cities > Rawalpindi (Rs),Rawalpindi (Rs),1,2024-25,691.41,1973-74,20,52
12,Health and Nutrition,سلامت و تغذیه,Doctor Consulting Fee in Various Cities > Sukkur (Rs),Sukkur (Rs),1,2024-25,300,1973-74,16,52
12,Health and Nutrition,سلامت و تغذیه,Doctor Consulting Fee in Various Cities > Pakistan (Rs),Pakistan (Rs),1,2024-25,526.47,1973-74,17.73,52
13,"Population, Labor Force and Employment",جمعیت، نیروی کار و اشتغال,Population (Million),Population (Million),0,2024-25,252.09,1972-73,65.89,52
13,"Population, Labor Force and Employment",جمعیت، نیروی کار و اشتغال,"Population, Male (Million)","Population, Male (Million)",0,2024-25,129.64,1980-81,44.23,36
13,"Population, Labor Force and Employment",جمعیت، نیروی کار و اشتغال,"Population, Female (Million)","Population, Female (Million)",0,2024-25,122.45,1980-81,40.02,36
13,"Population, Labor Force and Employment",جمعیت، نیروی کار و اشتغال,"Population, Rural (Million)","Population, Rural (Million)",0,2022-23,147.61,1980-81,60.41,34
13,"Population, Labor Force and Employment",جمعیت، نیروی کار و اشتغال,"Population, Urban (Million)","Population, Urban (Million)",0,2022-23,93.88,1980-81,23.84,34
13,"Population, Labor Force and Employment",جمعیت، نیروی کار و اشتغال,Crude Birth Rate (per 1000),Crude Birth Rate (per 1000),0,2024-25,25.7,1975-76,42.8,32
13,"Population, Labor Force and Employment",جمعیت، نیروی کار و اشتغال,Crude Death Rate (per 1000),Crude Death Rate (per 1000),0,2023-24,5.69,1975-76,11.5,31
13,"Population, Labor Force and Employment",جمعیت، نیروی کار و اشتغال,Infant Mortality Rate (per 1000),Infant Mortality Rate (per 1000),0,2024-25,47,1975-76,87,32
13,"Population, Labor Force and Employment",جمعیت، نیروی کار و اشتغال,"Population, Growth rate (%)","Population, Growth rate (%)",0,2024-25,2.07,1972-73,3.1,43
13,"Population, Labor Force and Employment",جمعیت، نیروی کار و اشتغال,Population in Punjab (Thousands),Population in Punjab (Thousands),0,2024-25,133364,1980-81,47292,22
13,"Population, Labor Force and Employment",جمعیت، نیروی کار و اشتغال,Population in Sindh (Thousands),Population in Sindh (Thousands),0,2024-25,58271,1980-81,19029,22
13,"Population, Labor Force and Employment",جمعیت، نیروی کار و اشتغال,Population in Khyber Pakhtunkhwa (Thousands),Population in Khyber Pakhtunkhwa (Thousands),0,2024-25,42677,1980-81,11061,22
13,"Population, Labor Force and Employment",جمعیت، نیروی کار و اشتغال,Population in Balochistan (Thousands),Population in Balochistan (Thousands),0,2024-25,15215,1980-81,4332,22
13,"Population, Labor Force and Employment",جمعیت، نیروی کار و اشتغال,Population in FATA (Thousands),Population in FATA (Thousands),0,2015-16,4927,1980-81,2199,13
13,"Population, Labor Force and Employment",جمعیت، نیروی کار و اشتغال,Population in Islamabad (Thousands),Population in Islamabad (Thousands),0,2024-25,2499,1980-81,340,22
13,"Population, Labor Force and Employment",جمعیت، نیروی کار و اشتغال,Population (Million) - LFS,Population (Million) - LFS,0,2024-25,250.54,1986-87,100.7,33
13,"Population, Labor Force and Employment",جمعیت، نیروی کار و اشتغال,"Population, Rural (Million) - LFS","Population, Rural (Million) - LFS",0,2024-25,153.8,1986-87,72.2,33
13,"Population, Labor Force and Employment",جمعیت، نیروی کار و اشتغال,"Population, Urban (Million) - LFS","Population, Urban (Million) - LFS",0,2024-25,96.73,1986-87,28.5,33
13,"Population, Labor Force and Employment",جمعیت، نیروی کار و اشتغال,Working Age Population (Million),Working Age Population (Million),0,2024-25,179.61,1986-87,67.37,33
13,"Population, Labor Force and Employment",جمعیت، نیروی کار و اشتغال,"Working Age Population, Rural (Million)","Working Age Population, Rural (Million)",0,2024-25,107.5,1986-87,47.36,33
13,"Population, Labor Force and Employment",جمعیت، نیروی کار و اشتغال,"Working Age Population, Urban (Million)","Working Age Population, Urban (Million)",0,2024-25,72.11,1986-87,20.01,33
13,"Population, Labor Force and Employment",جمعیت، نیروی کار و اشتغال,Labour Force (Million),Labour Force (Million),0,2024-25,83.1,1972-73,19.61,47
13,"Population, Labor Force and Employment",جمعیت، نیروی کار و اشتغال,"Labour Force, Rural (Million)","Labour Force, Rural (Million)",0,2024-25,54.1,1986-87,22.24,33
13,"Population, Labor Force and Employment",جمعیت، نیروی کار و اشتغال,"Labour Force, Urban (Million)","Labour Force, Urban (Million)",0,2024-25,29,1986-87,7.36,33
13,"Population, Labor Force and Employment",جمعیت، نیروی کار و اشتغال,Employed Labour Force (Million),Employed Labour Force (Million),0,2024-25,77.2,1972-73,19.24,47
13,"Population, Labor Force and Employment",جمعیت، نیروی کار و اشتغال,"Employed Labour Force, Rural (Million)","Employed Labour Force, Rural (Million)",0,2024-25,50.6,1986-87,21.69,33
13,"Population, Labor Force and Employment",جمعیت، نیروی کار و اشتغال,"Employed Labour Force, Urban (Million)","Employed Labour Force, Urban (Million)",0,2024-25,26.7,1986-87,7.01,33
13,"Population, Labor Force and Employment",جمعیت، نیروی کار و اشتغال,Unemployed Labour Force (Million),Unemployed Labour Force (Million),0,2024-25,5.9,1972-73,0.37,47
13,"Population, Labor Force and Employment",جمعیت، نیروی کار و اشتغال,"Unemployed Labour Force, Rural (Million)","Unemployed Labour Force, Rural (Million)",0,2024-25,3.5,1986-87,0.55,33
13,"Population, Labor Force and Employment",جمعیت، نیروی کار و اشتغال,"Unemployed Labour Force, Urban (Million)","Unemployed Labour Force, Urban (Million)",0,2024-25,2.4,1986-87,0.35,33
13,"Population, Labor Force and Employment",جمعیت، نیروی کار و اشتغال,Unemployment Rate (%),Unemployment Rate (%),0,2024-25,7.1,1972-73,1.92,47
13,"Population, Labor Force and Employment",جمعیت، نیروی کار و اشتغال,"Unemployment Rate, Rural (%)","Unemployment Rate, Rural (%)",0,2024-25,6.5,1986-87,2.5,33
13,"Population, Labor Force and Employment",جمعیت، نیروی کار و اشتغال,"Unemployment Rate, Urban (%)","Unemployment Rate, Urban (%)",0,2024-25,8.2,1986-87,4.51,33
13,"Population, Labor Force and Employment",جمعیت، نیروی کار و اشتغال,Labour Force Participation Rates (%),Labour Force Participation Rates (%),0,2024-25,33.2,1972-73,29.77,47
13,"Population, Labor Force and Employment",جمعیت، نیروی کار و اشتغال,"Labour Force Participation Rates, Rural (%)","Labour Force Participation Rates, Rural (%)",0,2024-25,35.2,1986-87,30.81,33
13,"Population, Labor Force and Employment",جمعیت، نیروی کار و اشتغال,"Labour Force Participation Rates, Urban (%)","Labour Force Participation Rates, Urban (%)",0,2024-25,30,1986-87,26.26,33
13,"Population, Labor Force and Employment",جمعیت، نیروی کار و اشتغال,Employed labourforce in Agriculture (Million),Employed labourforce in Agriculture (Million),0,2024-25,25.5,1972-73,10.86,47
13,"Population, Labor Force and Employment",جمعیت، نیروی کار و اشتغال,Employed labourforce in Mining & Maufcaturing (Million),Employed labourforce in Mining & Maufcaturing (Million),0,2024-25,11.7,1972-73,2.54,47
13,"Population, Labor Force and Employment",جمعیت، نیروی کار و اشتغال,Employed labourforce in Construction (Million),Employed labourforce in Construction (Million),0,2024-25,7.7,1972-73,0.7,47
13,"Population, Labor Force and Employment",جمعیت، نیروی کار و اشتغال,Employed labourforce in Electricity & Gas Distribution (Million),Employed labourforce in Electricity & Gas Distribution (Million),0,2024-25,0.5,1972-73,0.08,47
13,"Population, Labor Force and Employment",جمعیت، نیروی کار و اشتغال,Employed labourforce in Transport storage & Communication (Million),Employed labourforce in Transport storage & Communication (Million),0,2024-25,5.1,1972-73,0.93,47
13,"Population, Labor Force and Employment",جمعیت، نیروی کار و اشتغال,Employed labourforce in Wholesale &Retail Trade (Million),Employed labourforce in Wholesale &Retail Trade (Million),0,2024-25,12.4,1972-73,1.98,47
13,"Population, Labor Force and Employment",جمعیت، نیروی کار و اشتغال,Employed Labourforce in other sectors (Million),Employed Labourforce in other sectors (Million),0,2024-25,14.3,1972-73,2.14,47
13,"Population, Labor Force and Employment",جمعیت، نیروی کار و اشتغال,Employed labourforce in Agriculture (%),Employed labourforce in Agriculture (%),0,2024-25,33.1,1972-73,56.47,47
13,"Population, Labor Force and Employment",جمعیت، نیروی کار و اشتغال,Employed labourforce in Mining & Maufcaturing (%),Employed labourforce in Mining & Maufcaturing (%),0,2024-25,15.1,1972-73,13.2,47
13,"Population, Labor Force and Employment",جمعیت، نیروی کار و اشتغال,Employed labourforce in Construction (%age),Employed labourforce in Construction (%age),0,2024-25,9.9,1972-73,3.66,47
13,"Population, Labor Force and Employment",جمعیت، نیروی کار و اشتغال,Employed labourforce in Electricity & Gas Distribution (%),Employed labourforce in Electricity & Gas Distribution (%),0,2024-25,0.7,1972-73,0.41,47
13,"Population, Labor Force and Employment",جمعیت، نیروی کار و اشتغال,Employed labourforce in Transport storage & Communication (%),Employed labourforce in Transport storage & Communication (%),0,2024-25,6.6,1972-73,4.85,47
13,"Population, Labor Force and Employment",جمعیت، نیروی کار و اشتغال,Employed labourforce in Wholesale &Retail Trade (%),Employed labourforce in Wholesale &Retail Trade (%),0,2024-25,16,1972-73,10.27,47
13,"Population, Labor Force and Employment",جمعیت، نیروی کار و اشتغال,Employed Labourforce in other sectors (%),Employed Labourforce in other sectors (%),0,2024-25,18.6,1972-73,11.15,47
13,"Population, Labor Force and Employment",جمعیت، نیروی کار و اشتغال,Daily wages of Carpenters in Islamabad (Rupees),Daily wages of Carpenters in Islamabad (Rupees),0,2024-25,2172.62,1973-74,20,52
13,"Population, Labor Force and Employment",جمعیت، نیروی کار و اشتغال,Daily wages of Carpenters inKarachi (Rupees),Daily wages of Carpenters inKarachi (Rupees),0,2024-25,1791.67,1973-74,25,52
13,"Population, Labor Force and Employment",جمعیت، نیروی کار و اشتغال,Daily wages of Carpenters inLahore (Rupees),Daily wages of Carpenters inLahore (Rupees),0,2024-25,1981.6,1973-74,22,52
13,"Population, Labor Force and Employment",جمعیت، نیروی کار و اشتغال,Daily wages of Carpenters inPeshawar (Rupees),Daily wages of Carpenters inPeshawar (Rupees),0,2024-25,1749.53,1973-74,17,52
13,"Population, Labor Force and Employment",جمعیت، نیروی کار و اشتغال,Daily wages of Carpenters inQuetta (Rupees),Daily wages of Carpenters inQuetta (Rupees),0,2024-25,1698.04,1973-74,25,52
13,"Population, Labor Force and Employment",جمعیت، نیروی کار و اشتغال,Daily Wages of Mason (Raj) in Islamabad (Rupees),Daily Wages of Mason (Raj) in Islamabad (Rupees),0,2024-25,2402.48,1973-74,20,52
13,"Population, Labor Force and Employment",جمعیت، نیروی کار و اشتغال,Daily Wages of Mason (Raj) in Karachi (Rupees),Daily Wages of Mason (Raj) in Karachi (Rupees),0,2024-25,2059.81,1973-74,25,52
13,"Population, Labor Force and Employment",جمعیت، نیروی کار و اشتغال,Daily Wages of Mason (Raj) in Lahore (Rupees),Daily Wages of Mason (Raj) in Lahore (Rupees),0,2024-25,2194.07,1973-74,22,52
13,"Population, Labor Force and Employment",جمعیت، نیروی کار و اشتغال,Daily Wages of Mason (Raj) in Peshawar (Rupees),Daily Wages of Mason (Raj) in Peshawar (Rupees),0,2024-25,1850.48,1973-74,17,52
13,"Population, Labor Force and Employment",جمعیت، نیروی کار و اشتغال,Daily Wages of Mason (Raj) in Quetta (Rupees),Daily Wages of Mason (Raj) in Quetta (Rupees),0,2024-25,2193.92,1973-74,27,52
13,"Population, Labor Force and Employment",جمعیت، نیروی کار و اشتغال,Daily Wages of un skilled labour in Islamabad (Rupees),Daily Wages of un skilled labour in Islamabad (Rupees),0,2024-25,1500,1973-74,9.25,52
13,"Population, Labor Force and Employment",جمعیت، نیروی کار و اشتغال,Daily Wages of un skilled labour in Karachi (Rupees),Daily Wages of un skilled labour in Karachi (Rupees),0,2024-25,1434.3,1973-74,10,52
13,"Population, Labor Force and Employment",جمعیت، نیروی کار و اشتغال,Daily Wages of un skilled labour in Lahore (Rupees),Daily Wages of un skilled labour in Lahore (Rupees),0,2024-25,1532.62,1973-74,11,52
13,"Population, Labor Force and Employment",جمعیت، نیروی کار و اشتغال,Daily Wages of un skilled labour in Peshawar (Rupees),Daily Wages of un skilled labour in Peshawar (Rupees),0,2024-25,1066.67,1973-74,7,52
13,"Population, Labor Force and Employment",جمعیت، نیروی کار و اشتغال,Daily Wages of un skilled labour in Quetta (Rupees),Daily Wages of un skilled labour in Quetta (Rupees),0,2024-25,1424.42,1973-74,10,52
14,Transport and Communications,حمل‌ونقل و ارتباطات,Transport (Roads),Transport (Roads),0,,,,,0
14,Transport and Communications,حمل‌ونقل و ارتباطات,Transport (Roads) > Expressway (in Kilometers),Expressway (in Kilometers),1,2024-25,428,2019-20,460,6
14,Transport and Communications,حمل‌ونقل و ارتباطات,Transport (Roads) > Highway (in Kilometers),Highway (in Kilometers),1,2024-25,32097,2019-20,20089,6
14,Transport and Communications,حمل‌ونقل و ارتباطات,Transport (Roads) > Local Road (in Kilometers),Local Road (in Kilometers),1,2024-25,373525,2019-20,373423,6
14,Transport and Communications,حمل‌ونقل و ارتباطات,Transport (Roads) > Metro Road (in Kilometers),Metro Road (in Kilometers),1,2024-25,150,2019-20,86,6
14,Transport and Communications,حمل‌ونقل و ارتباطات,Transport (Roads) > Motorway (in Kilometers),Motorway (in Kilometers),1,2024-25,2816,2019-20,3210,6
14,Transport and Communications,حمل‌ونقل و ارتباطات,Transport (Roads) > National Highway (in Kilometers),National Highway (in Kilometers),1,2019-20,12122,2019-20,12122,1
14,Transport and Communications,حمل‌ونقل و ارتباطات,Transport (Roads) > Primary Road (in Kilometers),Primary Road (in Kilometers),1,2024-25,4388,2019-20,4387,6
14,Transport and Communications,حمل‌ونقل و ارتباطات,Transport (Roads) > Secondary Road (in Kilometers),Secondary Road (in Kilometers),1,2024-25,87765,2019-20,87647,6
14,Transport and Communications,حمل‌ونقل و ارتباطات,Transport (Roads) > Total (in Kilometers),Total (in Kilometers),1,2024-25,501169,1965-66,73788,53
14,Transport and Communications,حمل‌ونقل و ارتباطات,Transport (Roads) > High Type (in Kilometers),High Type (in Kilometers),1,2011-12,180866,1965-66,20983,47
14,Transport and Communications,حمل‌ونقل و ارتباطات,Transport (Roads) > Low Type (in Kilometers),Low Type (in Kilometers),1,2011-12,78597,1965-66,52805,47
14,Transport and Communications,حمل‌ونقل و ارتباطات,Railways,Railways,0,,,,,0
14,Transport and Communications,حمل‌ونقل و ارتباطات,Railways > Locomotives (Numbers),Locomotives (Numbers),1,2024-25,448,1965-66,1026,60
14,Transport and Communications,حمل‌ونقل و ارتباطات,Railways > Freight Wagons (Numbers),Freight Wagons (Numbers),1,2024-25,10634,1965-66,35048,60
14,Transport and Communications,حمل‌ونقل و ارتباطات,Railways > Route (KM),Route (KM),1,2024-25,7791,1965-66,8585.53,60
14,Transport and Communications,حمل‌ونقل و ارتباطات,Railways > Number of Passengers carried (Million),Number of Passengers carried (Million),1,2024-25,39.7,1965-66,123,60
14,Transport and Communications,حمل‌ونقل و ارتباطات,Railways > Freight carried (Million Tonnes),Freight carried (Million Tonnes),1,2024-25,7.75,1965-66,16,60
14,Transport and Communications,حمل‌ونقل و ارتباطات,Railways > Freight Tonnes (Million km),Freight Tonnes (Million km),1,2024-25,7724,1965-66,7631,60
14,Transport and Communications,حمل‌ونقل و ارتباطات,Railways > Gross Earnings (Rs. Million),Gross Earnings (Rs. Million),1,2024-25,93601,1965-66,592.1,60
14,Transport and Communications,حمل‌ونقل و ارتباطات,Pakistan National Shipping Corporation (PNSC),Pakistan National Shipping Corporation (PNSC),0,,,,,0
14,Transport and Communications,حمل‌ونقل و ارتباطات,Pakistan National Shipping Corporation (PNSC) > Number of Vessels (Numbers),Number of Vessels (Numbers),1,2024-25,10,1965-66,53,60
14,Transport and Communications,حمل‌ونقل و ارتباطات,Pakistan National Shipping Corporation (PNSC) > Dead Weight (Tonnes),Dead Weight (Tonnes),1,2024-25,724643,1965-66,516137,60
14,Transport and Communications,حمل‌ونقل و ارتباطات,Pakistan National Shipping Corporation (PNSC) > Gross Earnings (Rs. Million),Gross Earnings (Rs. Million),1,2024-25,28404.6,1979-80,1141.7,46
14,Transport and Communications,حمل‌ونقل و ارتباطات,PORTS-Cargo Handled,PORTS-Cargo Handled,0,,,,,0
14,Transport and Communications,حمل‌ونقل و ارتباطات,PORTS-Cargo Handled > Total (Karachi Port) (000 Tonnes),Total (Karachi Port) (000 Tonnes),1,2024-25,53951,1965-66,7169,60
14,Transport and Communications,حمل‌ونقل و ارتباطات,PORTS-Cargo Handled > Imports (Karachi Port) (000 Tonnes),Imports (Karachi Port) (000 Tonnes),1,2024-25,33932,1965-66,5269,60
14,Transport and Communications,حمل‌ونقل و ارتباطات,PORTS-Cargo Handled > Exports (Karachi Port) (000 Tonnes),Exports (Karachi Port) (000 Tonnes),1,2024-25,20019,1965-66,1900,60
14,Transport and Communications,حمل‌ونقل و ارتباطات,PORTS-Cargo Handled > Total (Port Qasim) (000 Tonnes),Total (Port Qasim) (000 Tonnes),1,2024-25,45304,1997-98,14967,28
14,Transport and Communications,حمل‌ونقل و ارتباطات,PORTS-Cargo Handled > Imports (Port Qasim) (000 Tonnes),Imports (Port Qasim) (000 Tonnes),1,2024-25,35585,1997-98,13823,28
14,Transport and Communications,حمل‌ونقل و ارتباطات,PORTS-Cargo Handled > Exports (Port Qasim) (000 Tonnes),Exports (Port Qasim) (000 Tonnes),1,2024-25,9719,1997-98,1144,28
14,Transport and Communications,حمل‌ونقل و ارتباطات,PORTS-Cargo Handled > Total (Gwadar Port) (000 Tonnes),Total (Gwadar Port) (000 Tonnes),1,2024-25,62,2011-12,1426,14
14,Transport and Communications,حمل‌ونقل و ارتباطات,PORTS-Cargo Handled > Imports (Gwadar Port) (000 Tonnes),Imports (Gwadar Port) (000 Tonnes),1,2024-25,62,2011-12,1426,14
14,Transport and Communications,حمل‌ونقل و ارتباطات,PORTS-Cargo Handled > Exports (Gwadar Port) (000 Tonnes),Exports (Gwadar Port) (000 Tonnes),1,2022-23,843,2014-15,0,9
14,Transport and Communications,حمل‌ونقل و ارتباطات,Pakistan International Airlines Corporation-Operational,Pakistan International Airlines Corporation-Operational,0,,,,,0
14,Transport and Communications,حمل‌ونقل و ارتباطات,Pakistan International Airlines Corporation-Operational > PIA Fleet Number of Planes,PIA Fleet Number of Planes,1,2024-25,31,1965-66,23,60
14,Transport and Communications,حمل‌ونقل و ارتباطات,Pakistan International Airlines Corporation-Operational > Available Seats (Million KM),Available Seats (Million KM),1,2024-25,12466,1965-66,1370,60
14,Transport and Communications,حمل‌ونقل و ارتباطات,Pakistan International Airlines Corporation-Operational > Route (KM),Route (KM),1,2024-25,570223,1965-66,46745,60
14,Transport and Communications,حمل‌ونقل و ارتباطات,Pakistan International Airlines Corporation-Operational > Passenger Load Factor (%),Passenger Load Factor (%),1,2024-25,82,1965-66,70.2,60
14,Transport and Communications,حمل‌ونقل و ارتباطات,Pakistan International Airlines Corporation-Operational > Available Tonne (Million KM),Available Tonne (Million KM),1,2024-25,1643,1965-66,195,60
14,Transport and Communications,حمل‌ونقل و ارتباطات,Pakistan International Airlines Corporation-Operational > Operating Expenses (Million Rs.),Operating Expenses (Million Rs.),1,2024-25,198263,1965-66,224,59
14,Transport and Communications,حمل‌ونقل و ارتباطات,Pakistan International Airlines Corporation-Revenue,Pakistan International Airlines Corporation-Revenue,0,,,,,0
14,Transport and Communications,حمل‌ونقل و ارتباطات,Pakistan International Airlines Corporation-Revenue > Revenue Passengers (Million Km),Revenue Passengers (Million Km),1,2024-25,10172,1965-66,962,60
14,Transport and Communications,حمل‌ونقل و ارتباطات,Pakistan International Airlines Corporation-Revenue > Revenue Passengers Carried (000),Revenue Passengers Carried (000),1,2024-25,3791,1965-66,682,60
14,Transport and Communications,حمل‌ونقل و ارتباطات,Pakistan International Airlines Corporation-Revenue > Revenue Load Factor (%),Revenue Load Factor (%),1,2024-25,64,1965-66,70.2,60
14,Transport and Communications,حمل‌ونقل و ارتباطات,Pakistan International Airlines Corporation-Revenue > Revenue Km Flown (000),Revenue Km Flown (000),1,2024-25,53841,1965-66,18758,60
14,Transport and Communications,حمل‌ونقل و ارتباطات,Pakistan International Airlines Corporation-Revenue > Revenue Tonne (Million Km),Revenue Tonne (Million Km),1,2024-25,1049,1965-66,131,60
14,Transport and Communications,حمل‌ونقل و ارتباطات,Pakistan International Airlines Corporation-Revenue > Revenue Hours Flown,Revenue Hours Flown,1,2024-25,79862,1965-66,46571,60
14,Transport and Communications,حمل‌ونقل و ارتباطات,Pakistan International Airlines Corporation-Revenue > Operating Revenue (Million Rs.),Operating Revenue (Million Rs.),1,2024-25,211667,1965-66,264,59
14,Transport and Communications,حمل‌ونقل و ارتباطات,Motor Vehicles Registered,Motor Vehicles Registered,0,,,,,0
14,Transport and Communications,حمل‌ونقل و ارتباطات,Motor Vehicles Registered > Motorcycle (2 Wheels) (Numbers),Motorcycle (2 Wheels) (Numbers),1,2024-25,30456102,1966-67,66113,59
14,Transport and Communications,حمل‌ونقل و ارتباطات,Motor Vehicles Registered > Motorcycle (3 Wheels) (Numbers),Motorcycle (3 Wheels) (Numbers),1,2024-25,1087209,1966-67,15153,59
14,Transport and Communications,حمل‌ونقل و ارتباطات,Motor Vehicles Registered > Motor Cars Jeeps & Station Wagons (Numbers),Motor Cars Jeeps & Station Wagons (Numbers),1,2024-25,4889104,1966-67,89213,59
14,Transport and Communications,حمل‌ونقل و ارتباطات,Motor Vehicles Registered > Motorcabs/ Taxis (Numbers),Motorcabs/ Taxis (Numbers),1,2024-25,175083,1966-67,7922,59
14,Transport and Communications,حمل‌ونقل و ارتباطات,Motor Vehicles Registered > Buses (Numbers),Buses (Numbers),1,2024-25,265082,1966-67,14393,59
14,Transport and Communications,حمل‌ونقل و ارتباطات,Motor Vehicles Registered > Trucks (Numbers),Trucks (Numbers),1,2024-25,307659,1966-67,30683,59
14,Transport and Communications,حمل‌ونقل و ارتباطات,Motor Vehicles Registered > Others (Numbers),Others (Numbers),1,2024-25,2117258,1966-67,10007,59
14,Transport and Communications,حمل‌ونقل و ارتباطات,Motor Vehicles Registered > Total (Numbers),Total (Numbers),1,2024-25,39297497,1966-67,233484,59
14,Transport and Communications,حمل‌ونقل و ارتباطات,Motor Vehicles on Road-HCV,Motor Vehicles on Road-HCV,0,,,,,0
14,Transport and Communications,حمل‌ونقل و ارتباطات,Motor Vehicles on Road-HCV > Mcy/Scooter (in 000 Nos.),Mcy/Scooter (in 000 Nos.),1,2024-25,30520,1966-67,41.8,59
14,Transport and Communications,حمل‌ونقل و ارتباطات,Motor Vehicles on Road-HCV > Motor Car (in 000 Nos.),Motor Car (in 000 Nos.),1,2024-25,4852.6,1966-67,42.3,59
14,Transport and Communications,حمل‌ونقل و ارتباطات,Motor Vehicles on Road-HCV > M. Cab/Taxi (in 000 Nos.),M. Cab/Taxi (in 000 Nos.),1,2024-25,118,1966-67,5.7,59
14,Transport and Communications,حمل‌ونقل و ارتباطات,Motor Vehicles on Road-HCV > Motor Rickshaw (in 000 Nos.),Motor Rickshaw (in 000 Nos.),1,2024-25,871.2,1966-67,10.7,59
14,Transport and Communications,حمل‌ونقل و ارتباطات,Motor Vehicles on Road-HCV > D.Van (in 000 Nos.),D.Van (in 000 Nos.),1,2024-25,206.9,1966-67,1.1,59
14,Transport and Communications,حمل‌ونقل و ارتباطات,Motor Vehicles on Road-HCV > Pickup (in 000 Nos.),Pickup (in 000 Nos.),1,2024-25,566.1,1991-92,30.2,34
14,Transport and Communications,حمل‌ونقل و ارتباطات,Motor Vehicles on Road-HCV > Jeep (in 000 Nos.),Jeep (in 000 Nos.),1,2024-25,293.4,1966-67,6.4,59
14,Transport and Communications,حمل‌ونقل و ارتباطات,Motor Vehicles on Road-HCV > Station Wagon (in 000 Nos.),Station Wagon (in 000 Nos.),1,2024-25,92.3,1966-67,4.3,59
14,Transport and Communications,حمل‌ونقل و ارتباطات,Motor Vehicles on Road-LCV,Motor Vehicles on Road-LCV,0,,,,,0
14,Transport and Communications,حمل‌ونقل و ارتباطات,Motor Vehicles on Road-LCV > Ambulances (in 000 Nos.),Ambulances (in 000 Nos.),1,2024-25,11.8,1991-92,1.7,34
14,Transport and Communications,حمل‌ونقل و ارتباطات,Motor Vehicles on Road-LCV > Buses (in 000 Nos.),Buses (in 000 Nos.),1,2024-25,173,1966-67,8,59
14,Transport and Communications,حمل‌ونقل و ارتباطات,Motor Vehicles on Road-LCV > Trucks (in 000 Nos.),Trucks (in 000 Nos.),1,2024-25,329.4,1966-67,19.6,59
14,Transport and Communications,حمل‌ونقل و ارتباطات,Motor Vehicles on Road-LCV > Tractor (in 000 Nos.),Tractor (in 000 Nos.),1,2024-25,742.2,1966-67,1.9,59
14,Transport and Communications,حمل‌ونقل و ارتباطات,Motor Vehicles on Road-LCV > Tankers (Oil & Water) (in 000 Nos.),Tankers (Oil & Water) (in 000 Nos.),1,2024-25,22.1,1991-92,4.6,34
14,Transport and Communications,حمل‌ونقل و ارتباطات,Motor Vehicles on Road-LCV > Others (in 000 Nos.),Others (in 000 Nos.),1,2024-25,287.8,1966-67,1,59
14,Transport and Communications,حمل‌ونقل و ارتباطات,Motor Vehicles on Road-LCV > Total (in 000 Nos.),Total (in 000 Nos.),1,2024-25,37356,1966-67,142.7,59
14,Transport and Communications,حمل‌ونقل و ارتباطات,Motor Vehicles-Production,Motor Vehicles-Production,0,,,,,0
14,Transport and Communications,حمل‌ونقل و ارتباطات,Motor Vehicles-Production > Motor Cycle/Rickshaw (Numbers),Motor Cycle/Rickshaw (Numbers),1,2024-25,1234919,1975-76,23063,50
14,Transport and Communications,حمل‌ونقل و ارتباطات,Motor Vehicles-Production > Cars (Numbers),Cars (Numbers),1,2011-12,154255,1982-83,4120,30
14,Transport and Communications,حمل‌ونقل و ارتباطات,Motor Vehicles-Production > Jeeps 4 x 4 Vehicles (Numbers),Jeeps 4 x 4 Vehicles (Numbers),1,2024-25,100221,1974-75,2480,51
14,Transport and Communications,حمل‌ونقل و ارتباطات,Motor Vehicles-Production > L.C.Vs (Numbers),L.C.Vs (Numbers),1,2024-25,12795,1974-75,2623,51
14,Transport and Communications,حمل‌ونقل و ارتباطات,Motor Vehicles-Production > Buses (Numbers),Buses (Numbers),1,2024-25,518,1974-75,2802,51
14,Transport and Communications,حمل‌ونقل و ارتباطات,Motor Vehicles-Production > Trucks (Numbers),Trucks (Numbers),1,2024-25,2722,1974-75,6324,51
14,Transport and Communications,حمل‌ونقل و ارتباطات,Motor Vehicles-Production > Tractors (Numbers),Tractors (Numbers),1,2024-25,46275,1974-75,2.796,51
14,Transport and Communications,حمل‌ونقل و ارتباطات,Motor Vehicles-Imports,Motor Vehicles-Imports,0,,,,,0
14,Transport and Communications,حمل‌ونقل و ارتباطات,Motor Vehicles-Imports > Bicycle (Numbers),Bicycle (Numbers),1,2024-25,147080,1981-82,4,44
14,Transport and Communications,حمل‌ونقل و ارتباطات,Motor Vehicles-Imports > Motorised Cycles (Numbers),Motorised Cycles (Numbers),1,2024-25,96765,1974-75,32,44
14,Transport and Communications,حمل‌ونقل و ارتباطات,Motor Vehicles-Imports > Motor Cycles (Numbers),Motor Cycles (Numbers),1,2024-25,434239,1974-75,11674,51
14,Transport and Communications,حمل‌ونقل و ارتباطات,Motor Vehicles-Imports > Motor Rickshaw (Numbers),Motor Rickshaw (Numbers),1,2024-25,82767,1974-75,5783,44
14,Transport and Communications,حمل‌ونقل و ارتباطات,Motor Vehicles-Imports > Rickshaw chassis with Engine (Numbers),Rickshaw chassis with Engine (Numbers),1,2017-18,161,1974-75,1608,27
14,Transport and Communications,حمل‌ونقل و ارتباطات,Motor Vehicles-Imports > Cars (Numbers),Cars (Numbers),1,2024-25,2008012,1974-75,10167,51
14,Transport and Communications,حمل‌ونقل و ارتباطات,Motor Vehicles-Imports > Passengers M. Cars (NES) (Numbers),Passengers M. Cars (NES) (Numbers),1,2015-16,5,1974-75,557,42
14,Transport and Communications,حمل‌ونقل و ارتباطات,Motor Vehicles-Imports > Car Chassis with Engine (Numbers),Car Chassis with Engine (Numbers),1,2024-25,2,1974-75,548,29
14,Transport and Communications,حمل‌ونقل و ارتباطات,Motor Vehicles-Imports > Pickup (Numbers),Pickup (Numbers),1,2024-25,342299,1981-82,16890,44
14,Transport and Communications,حمل‌ونقل و ارتباطات,Motor Vehicles-Imports > Jeeps (Numbers),Jeeps (Numbers),1,2022-23,64,1974-75,1306,49
14,Transport and Communications,حمل‌ونقل و ارتباطات,Motor Vehicles-Imports > Station Wagon (Numbers),Station Wagon (Numbers),1,2023-24,2,1974-75,733,44
14,Transport and Communications,حمل‌ونقل و ارتباطات,Motor Vehicles-Imports > Delivery Van (Numbers),Delivery Van (Numbers),1,2024-25,8101,1981-82,3897,44
14,Transport and Communications,حمل‌ونقل و ارتباطات,Motor Vehicles-Imports > Lorries Trucks Ambulance (Numbers),Lorries Trucks Ambulance (Numbers),1,2024-25,23954,1981-82,2008,44
14,Transport and Communications,حمل‌ونقل و ارتباطات,Motor Vehicles-Imports > Passenger Vehicles Public (Numbers),Passenger Vehicles Public (Numbers),1,2024-25,1539,1981-82,5,44
14,Transport and Communications,حمل‌ونقل و ارتباطات,Motor Vehicles-Imports > Special Lorries Trucks & Vans (Numbers),Special Lorries Trucks & Vans (Numbers),1,2024-25,166,1982-83,252,43
14,Transport and Communications,حمل‌ونقل و ارتباطات,Motor Vehicles-Imports > Bus etc. Chassis (Numbers),Bus etc. Chassis (Numbers),1,2024-25,718,1974-75,3215,47
14,Transport and Communications,حمل‌ونقل و ارتباطات,"Motor Vehicles-Imports > Buses, Trolly Buses (Numbers)","Buses, Trolly Buses (Numbers)",1,2024-25,397,1981-82,136,44
14,Transport and Communications,حمل‌ونقل و ارتباطات,Motor Vehicles-Imports > Motor Vehicles for Goods (Numbers),Motor Vehicles for Goods (Numbers),1,2021-22,1,1981-82,151,37
14,Transport and Communications,حمل‌ونقل و ارتباطات,Motor Vehicles-Imports > Spl. Truck etc. Chassis (Numbers),Spl. Truck etc. Chassis (Numbers),1,2024-25,52,1974-75,258,40
14,Transport and Communications,حمل‌ونقل و ارتباطات,Motor Vehicles-Imports > Road Tractors for Trailers (Numbers),Road Tractors for Trailers (Numbers),1,2024-25,2565,1974-75,7,50
14,Transport and Communications,حمل‌ونقل و ارتباطات,Motor Vehicles-Imports > Tractor Agricultural (Numbers),Tractor Agricultural (Numbers),1,2024-25,1459,1974-75,7633,49
14,Transport and Communications,حمل‌ونقل و ارتباطات,Motor Vehicles-Imports > Tractor Cater-pillar (Numbers),Tractor Cater-pillar (Numbers),1,2023-24,2,1974-75,7,31
14,Transport and Communications,حمل‌ونقل و ارتباطات,Motor Vehicles-Imports > Tractor Heavy Duty for Const. (Numbers),Tractor Heavy Duty for Const. (Numbers),1,2024-25,74,1974-75,40,46
14,Transport and Communications,حمل‌ونقل و ارتباطات,Motor Vehicles-Imports > Tractor Roads (Numbers),Tractor Roads (Numbers),1,2024-25,255,1974-75,24,37
14,Transport and Communications,حمل‌ونقل و ارتباطات,Motor Vehicles-Imports > Tractor (NES) (Numbers),Tractor (NES) (Numbers),1,2024-25,18049,1974-75,8,50
14,Transport and Communications,حمل‌ونقل و ارتباطات,Motor Vehicles-Imports > Electric Vehicles (Numbers),Electric Vehicles (Numbers),1,2016-17,12,2013-14,13,4
14,Transport and Communications,حمل‌ونقل و ارتباطات,Motor Vehicles-Imports > Electric Bikes (Numbers),Electric Bikes (Numbers),1,2016-17,59,2013-14,15,4
14,Transport and Communications,حمل‌ونقل و ارتباطات,Motor Vehicles-Imports > Sport Utility Vehicle (Numbers),Sport Utility Vehicle (Numbers),1,2024-25,3,2013-14,1,11
14,Transport and Communications,حمل‌ونقل و ارتباطات,Motor Vehicles-Imports > 3-Wheel Loader (Numbers),3-Wheel Loader (Numbers),1,2022-23,3,2014-15,100,9
14,Transport and Communications,حمل‌ونقل و ارتباطات,Pakistan Post Offices,Pakistan Post Offices,0,,,,,0
14,Transport and Communications,حمل‌ونقل و ارتباطات,"Pakistan Post Offices > Number of Post Offices, Urban","Number of Post Offices, Urban",1,2024-25,1413,1971-72,1271,54
14,Transport and Communications,حمل‌ونقل و ارتباطات,"Pakistan Post Offices > Number of Post Offices, Rural","Number of Post Offices, Rural",1,2024-25,5560,1971-72,6635,54
14,Transport and Communications,حمل‌ونقل و ارتباطات,"Pakistan Post Offices > Number of Post Offices, Total","Number of Post Offices, Total",1,2024-25,6973,1966-67,7139,59
15,Energy,انرژی,Commercial Energy Consumption,Commercial Energy Consumption,0,,,,,0
15,Energy,انرژی,"Commercial Energy Consumption > Oil/Petroleum, Households (tons)","Oil/Petroleum, Households (tons)",1,2024-25,25063,1971-72,380991,54
15,Energy,انرژی,"Commercial Energy Consumption > Oil/Petroleum, Industry (tons)","Oil/Petroleum, Industry (tons)",1,2024-25,1133552,1971-72,267942,54
15,Energy,انرژی,"Commercial Energy Consumption > Oil/Petroleum, Agriculture (tons)","Oil/Petroleum, Agriculture (tons)",1,2024-25,13097,1971-72,287157,54
15,Energy,انرژی,"Commercial Energy Consumption > Oil/Petroleum, Transport (tons)","Oil/Petroleum, Transport (tons)",1,2024-25,14554195,1971-72,1116175,54
15,Energy,انرژی,"Commercial Energy Consumption > Oil/Petroleum, Power (tons)","Oil/Petroleum, Power (tons)",1,2024-25,147853,1971-72,99597,54
15,Energy,انرژی,"Commercial Energy Consumption > Oil/Petroleum, Other Govt. (tons)","Oil/Petroleum, Other Govt. (tons)",1,2024-25,322662,1971-72,630586,54
15,Energy,انرژی,"Commercial Energy Consumption > Oil/Petroleum, Total (tons)","Oil/Petroleum, Total (tons)",1,2024-25,16196422,1971-72,2782448,54
15,Energy,انرژی,"Commercial Energy Consumption > Gas, Households (mm cft)","Gas, Households (mm cft)",1,2024-25,269370,1971-72,2261,54
15,Energy,انرژی,"Commercial Energy Consumption > Gas, Commercial (mm cft)","Gas, Commercial (mm cft)",1,2024-25,13870,1971-72,1945,54
15,Energy,انرژی,"Commercial Energy Consumption > Gas, Cement (mm cft)","Gas, Cement (mm cft)",1,2024-25,0,1971-72,16399,54
15,Energy,انرژی,"Commercial Energy Consumption > Gas, Fertilizer (mm cft)","Gas, Fertilizer (mm cft)",1,2024-25,280685,1971-72,22286,54
15,Energy,انرژی,"Commercial Energy Consumption > Gas, Power (mm cft)","Gas, Power (mm cft)",1,2024-25,367555,1971-72,40793,54
15,Energy,انرژی,"Commercial Energy Consumption > Gas, SSGC (mm cft)","Gas, SSGC (mm cft)",1,2023-24,35518,2018-19,53261,5
15,Energy,انرژی,"Commercial Energy Consumption > Gas, Industry (mm cft)","Gas, Industry (mm cft)",1,2024-25,177755,1971-72,27830,54
15,Energy,انرژی,"Commercial Energy Consumption > Gas, Transport CNG (mm cft)","Gas, Transport CNG (mm cft)",1,2024-25,19710,1991-92,25,34
15,Energy,انرژی,"Commercial Energy Consumption > Gas, Total (mm cft)","Gas, Total (mm cft)",1,2024-25,1128945,1971-72,111514,54
15,Energy,انرژی,"Commercial Energy Consumption > Electricity, Traction (Gwh)","Electricity, Traction (Gwh)",1,2011-12,1,1980-81,44,32
15,Energy,انرژی,"Commercial Energy Consumption > Electricity, Household (Gwh)","Electricity, Household (Gwh)",1,2024-25,57455,1971-72,635,54
15,Energy,انرژی,"Commercial Energy Consumption > Electricity, Commercial (Gwh)","Electricity, Commercial (Gwh)",1,2024-25,9721,1971-72,378,54
15,Energy,انرژی,"Commercial Energy Consumption > Electricity, Industrial (Gwh)","Electricity, Industrial (Gwh)",1,2024-25,29181,1971-72,2855,54
15,Energy,انرژی,"Commercial Energy Consumption > Electricity, Agricultural (Gwh)","Electricity, Agricultural (Gwh)",1,2024-25,5882,1971-72,997,54
15,Energy,انرژی,"Commercial Energy Consumption > Electricity, Street Lights (Gwh)","Electricity, Street Lights (Gwh)",1,2024-25,497,1971-72,31,53
15,Energy,انرژی,"Commercial Energy Consumption > Electricity, General Services (Gwh)","Electricity, General Services (Gwh)",1,2024-25,501,2018-19,1,7
15,Energy,انرژی,"Commercial Energy Consumption > Electricity, Other Govt. (Gwh)","Electricity, Other Govt. (Gwh)",1,2024-25,9903,1971-72,436,54
15,Energy,انرژی,"Commercial Energy Consumption > Electricity, Total (Gwh)","Electricity, Total (Gwh)",1,2024-25,113140,1971-72,5332,54
15,Energy,انرژی,"Commercial Energy Consumption > Coal, Household (000 metric ton)","Coal, Household (000 metric ton)",1,2024-25,1.7,1971-72,33,42
15,Energy,انرژی,"Commercial Energy Consumption > Coal, Power (000 metric ton)","Coal, Power (000 metric ton)",1,2024-25,17087,1971-72,57,54
15,Energy,انرژی,"Commercial Energy Consumption > Coal, Brick Kilns (000 metric ton)","Coal, Brick Kilns (000 metric ton)",1,2024-25,3616,1971-72,1171,54
15,Energy,انرژی,"Commercial Energy Consumption > Coal, Cement (000 metric ton)","Coal, Cement (000 metric ton)",1,2024-25,5022,2000-01,50,25
15,Energy,انرژی,"Commercial Energy Consumption > Coal, Other Govt. (000 metric ton)","Coal, Other Govt. (000 metric ton)",1,1988-89,2,1971-72,50,18
15,Energy,انرژی,"Commercial Energy Consumption > Coal, Total (000 metric ton)","Coal, Total (000 metric ton)",1,2024-25,25726.5,1971-72,1310,54
15,Energy,انرژی,Commercial Energy Supplies (Electricity),Commercial Energy Supplies (Electricity),0,,,,,0
15,Energy,انرژی,Commercial Energy Supplies (Electricity) > Installed Capacity (MW),Installed Capacity (MW),1,2024-25,45380,1971-72,1862,54
15,Energy,انرژی,Commercial Energy Supplies (Electricity) > Generation (GW/h),Generation (GW/h),1,2024-25,140875,1971-72,7572,54
15,Energy,انرژی,"Commercial Energy Supplies (Electricity) > Hydroelectric, Installed Capacity (MW)","Hydroelectric, Installed Capacity (MW)",1,2024-25,11561,1971-72,667,54
15,Energy,انرژی,"Commercial Energy Supplies (Electricity) > Hydroelectric, Generation (GW/h)","Hydroelectric, Generation (GW/h)",1,2024-25,40404,1971-72,3679,54
15,Energy,انرژی,"Commercial Energy Supplies (Electricity) > Thermal, Installed Capacity (MW)","Thermal, Installed Capacity (MW)",1,2024-25,27507,1971-72,1058,54
15,Energy,انرژی,"Commercial Energy Supplies (Electricity) > Thermal, Generation (GW/h)","Thermal, Generation (GW/h)",1,2024-25,70110,1971-72,3789,54
15,Energy,انرژی,"Commercial Energy Supplies (Electricity) > Nuclear, Installed Capacity (MW)","Nuclear, Installed Capacity (MW)",1,2024-25,3530,1971-72,137,54
15,Energy,انرژی,"Commercial Energy Supplies (Electricity) > Nuclear, Generation (GW/h)","Nuclear, Generation (GW/h)",1,2024-25,24208,1971-72,104,54
15,Energy,انرژی,"Commercial Energy Supplies (Electricity) > Renewable, Installed Capacity (MW)","Renewable, Installed Capacity (MW)",1,2024-25,2782,2014-15,438,11
15,Energy,انرژی,"Commercial Energy Supplies (Electricity) > Renewable, Generation (GW/h)","Renewable, Generation (GW/h)",1,2024-25,5699,2014-15,802,11
15,Energy,انرژی,Commercial Energy Supplies (Electricity) > Imported (GW/h),Imported (GW/h),1,2024-25,454,2004-05,109,21
15,Energy,انرژی,"Commercial Energy Supplies (Oil, Gas, Petroleum, Coal)","Commercial Energy Supplies (Oil, Gas, Petroleum, Coal)",0,,,,,0
15,Energy,انرژی,"Commercial Energy Supplies (Oil, Gas, Petroleum, Coal) > Oil, Crude Oil Imports (000 barrels)","Oil, Crude Oil Imports (000 barrels)",1,2024-25,72977,1971-72,22781,54
15,Energy,انرژی,"Commercial Energy Supplies (Oil, Gas, Petroleum, Coal) > Oil, Local Crude Extraction (000 barrels)","Oil, Local Crude Extraction (000 barrels)",1,2024-25,22798,1971-72,3007,54
15,Energy,انرژی,"Commercial Energy Supplies (Oil, Gas, Petroleum, Coal) > Gas, Production (mcf)","Gas, Production (mcf)",1,2024-25,1054812,1971-72,124786,54
15,Energy,انرژی,"Commercial Energy Supplies (Oil, Gas, Petroleum, Coal) > Gas, Imports (mcf)","Gas, Imports (mcf)",1,2024-25,373524,2014-15,20191,11
15,Energy,انرژی,"Commercial Energy Supplies (Oil, Gas, Petroleum, Coal) > Petroleum Products, Imports (000 tons)","Petroleum Products, Imports (000 tons)",1,2024-25,7783,1971-72,419,54
15,Energy,انرژی,"Commercial Energy Supplies (Oil, Gas, Petroleum, Coal) > Petroleum Products, Production (000 tons)","Petroleum Products, Production (000 tons)",1,2024-25,11175,1971-72,3135,54
15,Energy,انرژی,"Commercial Energy Supplies (Oil, Gas, Petroleum, Coal) > Coal, Imports (000 tons)","Coal, Imports (000 tons)",1,2024-25,6981,1971-72,32,53
15,Energy,انرژی,"Commercial Energy Supplies (Oil, Gas, Petroleum, Coal) > Coal, Production (000 tons)","Coal, Production (000 tons)",1,2024-25,18746,1971-72,1214,54
16,Information Technology and Telecommunication,فناوری اطلاعات و مخابرات,Telecom Revenues (Rs. bln),Telecom Revenues (Rs. bln),0,2024-25,1075,2018-19,608,7
16,Information Technology and Telecommunication,فناوری اطلاعات و مخابرات,Telecom Subscribers (mln. nos.),Telecom Subscribers (mln. nos.),0,2024-25,200.3,2019-20,171.5,6
16,Information Technology and Telecommunication,فناوری اطلاعات و مخابرات,Teledensity (percent),Teledensity (percent),0,2024-25,81,2018-19,75.1,7
16,Information Technology and Telecommunication,فناوری اطلاعات و مخابرات,Broadband Subscribers (mln.nos.),Broadband Subscribers (mln.nos.),0,2024-25,150,2018-19,71.5,7
17,Social Protection,حمایت اجتماعی,Poverty,Poverty,0,2024-25,28.9,2004-05,23.9,9
17,Social Protection,حمایت اجتماعی,Gini Co-efficient,Gini Co-efficient,0,2018-19,0.303,2004-05,0.3,8
